"DateTime","Temperature","Dew Point","Relative Humidity"
"2024-12-31 16:53:00",10.6,-0.7,45.8
"2024-12-31 17:53:00",8.3,0.51,58.32
"2024-12-31 18:53:00",8.3,0.51,58.32
"2024-12-31 19:53:00",7.8,1.63,65.31
"2024-12-31 20:53:00",7.8,1.63,65.31
"2024-12-31 21:53:00",7.8,0.52,60.34
"2024-12-31 22:53:00",6.7,1.03,67.44
"2024-12-31 23:53:00",5.6,1.04,72.76
"2025-01-01 00:53:00",3.9,0.55,79.03
"2025-01-01 01:53:00",3.3,0.56,82.45
"2025-01-01 02:53:00",2.8,-0.04,81.79
"2025-01-01 03:53:00",1.7,-1.14,81.63
"2025-01-01 04:53:00",2.2,-0.03,85.35
"2025-01-01 05:53:00",1.7,-0.03,88.46
"2025-01-01 06:53:00",2.2,-0.64,81.7
"2025-01-01 07:53:00",2.2,-0.64,81.7
"2025-01-01 08:53:00",4.4,2.17,85.6
"2025-01-01 09:53:00",7.2,1.03,65.17
"2025-01-01 10:53:00",10.6,1.01,51.8
"2025-01-01 11:53:00",11.7,2.11,52.11
"2025-01-01 12:53:00",13.3,2.72,48.97
"2025-01-01 13:53:00",13.9,2.11,45.13
"2025-01-01 14:53:00",13.3,3.22,50.73
"2025-01-01 15:53:00",12.8,3.82,54.68
"2025-01-01 16:53:00",12.2,4.33,58.91
"2025-01-01 17:53:00",10.6,4.94,68.29
"2025-01-01 18:53:00",10,4.95,71.08
"2025-01-01 19:53:00",10,3.83,65.81
"2025-01-01 20:53:00",10,4.95,71.08
"2025-01-01 21:53:00",8.3,3.85,73.79
"2025-01-01 22:53:00",7.2,4.36,82.38
"2025-01-01 23:53:00",6.7,4.37,85.25
"2025-01-02 00:53:00",6.1,3.87,85.79
"2025-01-02 01:53:00",6.1,3.87,85.79
"2025-01-02 02:53:00",6.1,3.26,82.23
"2025-01-02 03:53:00",5,2.77,85.67
"2025-01-02 04:53:00",5.6,3.27,85.13
"2025-01-02 05:53:00",5,3.27,88.75
"2025-01-02 06:53:00",4.4,2.78,89.33
"2025-01-02 07:53:00",5,3.27,88.75
"2025-01-02 08:53:00",7.8,4.97,82.46
"2025-01-02 09:53:00",10,5.55,74.1
"2025-01-02 10:53:00",13.3,5.53,59.6
"2025-01-02 11:53:00",14.4,5.53,55.49
"2025-01-02 12:53:00",14.4,6.64,59.87
"2025-01-02 13:53:00",15,7.74,62.1
"2025-01-02 14:53:00",15,7.74,62.1
"2025-01-02 15:53:00",13.9,7.75,66.67
"2025-01-02 16:53:00",12.8,7.15,68.75
"2025-01-02 17:53:00",11.7,7.15,73.9
"2025-01-02 18:53:00",11.1,6.65,74.3
"2025-01-02 19:53:00",9.4,6.06,79.86
"2025-01-02 20:53:00",10.6,6.05,73.7
"2025-01-02 21:53:00",9.4,6.06,79.86
"2025-01-02 22:53:00",7.8,6.69,92.75
"2025-01-02 23:53:00",7.8,6.08,88.99
"2025-01-03 00:53:00",7.8,6.08,88.99
"2025-01-03 01:53:00",7.2,6.09,92.72
"2025-01-03 02:53:00",6.7,5.59,92.69
"2025-01-03 03:53:00",6.7,5.59,92.69
"2025-01-03 04:53:00",7.2,5.58,89.56
"2025-01-03 05:53:00",7.8,6.69,92.75
"2025-01-03 06:53:00",8.3,7.19,92.78
"2025-01-03 07:53:00",11.1,8.27,82.88
"2025-01-03 08:53:00",11.7,8.87,82.95
"2025-01-03 09:53:00",11.7,9.98,89.32
"2025-01-03 10:53:00",12.2,11.09,93
"2025-01-03 11:53:00",12.8,11.69,93.03
"2025-01-03 12:53:00",13.3,11.68,90.04
"2025-01-03 13:53:00",13.3,10.57,83.71
"2025-01-03 14:53:00",13.3,9.97,80.42
"2025-01-03 15:53:00",12.8,8.86,77.17
"2025-01-03 16:53:00",11.1,7.76,80.11
"2025-01-03 17:53:00",10.6,7.77,82.82
"2025-01-03 18:53:00",9.4,7.17,86.14
"2025-01-03 19:53:00",9.4,7.17,86.14
"2025-01-03 20:53:00",7.8,6.69,92.75
"2025-01-03 21:53:00",7.2,6.09,92.72
"2025-01-03 22:53:00",5,5,100
"2025-01-03 23:53:00",6.1,5.59,96.6
"2025-01-04 00:53:00",5,4.39,95.89
"2025-01-04 01:53:00",6.7,6.09,95.95
"2025-01-04 02:53:00",6.1,4.98,92.65
"2025-01-04 03:53:00",5.6,4.99,95.91
"2025-01-04 04:53:00",4.4,4.4,100
"2025-01-04 05:53:00",4.4,4.4,100
"2025-01-04 06:53:00",3.9,3.9,100
"2025-01-04 07:53:00",4.4,3.89,96.55
"2025-01-04 08:53:00",6.1,4.98,92.65
"2025-01-04 09:53:00",8.9,6.67,86.08
"2025-01-04 10:53:00",10,7.17,82.74
"2025-01-04 11:53:00",11.1,7.76,80.11
"2025-01-04 12:53:00",12.8,7.15,68.75
"2025-01-04 13:53:00",13.9,6.64,61.84
"2025-01-04 14:53:00",13.9,5.53,57.32
"2025-01-04 15:53:00",12.8,5.53,61.57
"2025-01-04 16:53:00",11.1,4.94,66.05
"2025-01-04 17:53:00",10,5.55,74.1
"2025-01-04 18:53:00",8.3,5.57,83.1
"2025-01-04 19:53:00",7.8,5.57,85.97
"2025-01-04 20:53:00",6.7,4.37,85.25
"2025-01-04 21:53:00",6.1,4.38,88.85
"2025-01-04 22:53:00",5,3.88,92.59
"2025-01-04 23:53:00",6.1,4.38,88.85
"2025-01-05 00:53:00",5,3.27,88.75
"2025-01-05 01:53:00",5,3.88,92.59
"2025-01-05 02:53:00",3.3,2.79,96.52
"2025-01-05 03:53:00",3.3,2.79,96.52
"2025-01-05 04:53:00",2.8,2.19,95.82
"2025-01-05 05:53:00",2.8,2.19,95.82
"2025-01-05 06:53:00",3.3,2.18,92.49
"2025-01-05 07:53:00",2.8,2.19,95.82
"2025-01-05 08:53:00",6.1,4.98,92.65
"2025-01-05 09:53:00",7.8,4.97,82.46
"2025-01-05 10:53:00",10.6,5.55,71.19
"2025-01-05 11:53:00",12.8,6.64,66.43
"2025-01-05 12:53:00",13.9,7.14,64
"2025-01-05 13:53:00",15,6.64,57.6
"2025-01-05 14:53:00",15.6,7.14,57.36
"2025-01-05 15:53:00",15,7.14,59.61
"2025-01-05 16:53:00",13.3,7.15,66.54
"2025-01-05 17:53:00",11.1,6.65,74.3
"2025-01-05 18:53:00",10,6.66,79.95
"2025-01-05 19:53:00",8.9,5.56,79.79
"2025-01-05 20:53:00",7.2,4.97,85.9
"2025-01-05 21:53:00",7.2,4.97,85.9
"2025-01-05 22:53:00",6.1,4.38,88.85
"2025-01-05 23:53:00",5,3.27,88.75
"2025-01-06 00:53:00",4.4,2.78,89.33
"2025-01-06 01:53:00",5,3.27,88.75
"2025-01-06 02:53:00",4.4,2.78,89.33
"2025-01-06 03:53:00",3.3,2.18,92.49
"2025-01-06 04:53:00",3.9,2.78,92.52
"2025-01-06 05:53:00",3.3,2.18,92.49
"2025-01-06 06:53:00",3.3,2.18,92.49
"2025-01-06 07:53:00",3.9,2.18,88.66
"2025-01-06 08:53:00",6.1,4.38,88.85
"2025-01-06 09:53:00",8.9,5.56,79.79
"2025-01-06 10:53:00",11.1,7.76,80.11
"2025-01-06 11:53:00",13.3,9.97,80.42
"2025-01-06 12:53:00",15,9.96,72.04
"2025-01-06 13:53:00",15,9.36,69.2
"2025-01-06 14:53:00",15,9.36,69.2
"2025-01-06 15:53:00",13.9,7.75,66.67
"2025-01-06 16:53:00",13.3,7.15,66.54
"2025-01-06 17:53:00",11.1,7.16,76.89
"2025-01-06 18:53:00",10,7.17,82.74
"2025-01-06 19:53:00",7.8,6.08,88.99
"2025-01-06 20:53:00",7.2,5.58,89.56
"2025-01-06 21:53:00",6.7,4.98,88.9
"2025-01-06 22:53:00",5.6,4.38,91.98
"2025-01-06 23:53:00",5,4.39,95.89
"2025-01-07 00:53:00",5.6,4.38,91.98
"2025-01-07 01:53:00",11.7,3.22,56.34
"2025-01-07 02:53:00",11.7,2.11,52.11
"2025-01-07 03:53:00",10.6,2.12,56.05
"2025-01-07 04:53:00",10.6,1.01,51.8
"2025-01-07 05:53:00",10.6,1.01,51.8
"2025-01-07 06:53:00",10,-0.1,49.8
"2025-01-07 07:53:00",12.2,-1.21,39.72
"2025-01-07 08:53:00",13.9,-1.2,35.55
"2025-01-07 09:53:00",15.6,-1.79,30.48
"2025-01-07 10:53:00",16.1,-1.79,29.53
"2025-01-07 11:53:00",17.2,-1.18,28.78
"2025-01-07 12:53:00",17.8,-1.78,26.51
"2025-01-07 13:53:00",18.3,-2.27,24.76
"2025-01-07 14:53:00",17.2,-1.78,27.54
"2025-01-07 15:53:00",16.7,-2.88,26.2
"2025-01-07 16:53:00",16.1,-3.39,26.22
"2025-01-07 17:53:00",16.1,-4.49,24.14
"2025-01-07 18:53:00",16.7,-5.08,22.21
"2025-01-07 19:53:00",16.7,-4.48,23.24
"2025-01-07 20:53:00",16.1,-4.49,24.14
"2025-01-07 21:53:00",16.1,-5.69,22.04
"2025-01-07 22:53:00",15.6,-5.69,22.76
"2025-01-07 23:53:00",15,-6.19,22.77
"2025-01-08 00:53:00",14.4,-5.1,25.73
"2025-01-08 01:53:00",13.9,-5.1,26.58
"2025-01-08 02:53:00",12.2,-5.12,29.7
"2025-01-08 03:53:00",10.6,-3.42,37.52
"2025-01-08 04:53:00",10,-2.92,40.53
"2025-01-08 05:53:00",10,-2.92,40.53
"2025-01-08 06:53:00",10,-2.92,40.53
"2025-01-08 07:53:00",9.4,-2.31,44.12
"2025-01-08 08:53:00",11.7,-2.31,37.85
"2025-01-08 09:53:00",13.9,-2.91,31.35
"2025-01-08 10:53:00",15,-2.9,29.2
"2025-01-08 11:53:00",16.1,-2.89,27.22
"2025-01-08 12:53:00",16.7,-3.38,25.24
"2025-01-08 13:53:00",17.8,-2.87,24.44
"2025-01-08 14:53:00",18.3,-3.37,22.82
"2025-01-08 15:53:00",17.2,-1.78,27.54
"2025-01-08 16:53:00",15,-0.7,34.34
"2025-01-08 17:53:00",12.8,-0.7,39.61
"2025-01-08 18:53:00",10,0.51,52.01
"2025-01-08 19:53:00",8.3,0.51,58.32
"2025-01-08 20:53:00",6.1,-0.08,64.92
"2025-01-08 21:53:00",5.6,0.53,70.19
"2025-01-08 22:53:00",6.1,-0.08,64.92
"2025-01-08 23:53:00",5,-0.07,70.06
"2025-01-09 00:53:00",5,-0.07,70.06
"2025-01-09 01:53:00",3.3,-0.66,75.57
"2025-01-09 02:53:00",3.3,-0.66,75.57
"2025-01-09 03:53:00",3.9,-0.66,72.44
"2025-01-09 04:53:00",7.2,1.03,65.17
"2025-01-09 05:53:00",6.7,0.52,65.05
"2025-01-09 06:53:00",11.7,1.01,48.16
"2025-01-09 07:53:00",11.7,0.5,46.46
"2025-01-09 08:53:00",12.8,1,44.8
"2025-01-09 09:53:00",16.7,-0.68,30.81
"2025-01-09 10:53:00",18.9,-2.26,23.85
"2025-01-09 11:53:00",21.1,-2.83,19.91
"2025-01-09 12:53:00",20,-0.05,26.18
"2025-01-09 13:53:00",20,1.04,28.34
"2025-01-09 14:53:00",20,1.04,28.34
"2025-01-09 15:53:00",19.4,2.14,31.83
"2025-01-09 16:53:00",17.2,1.02,33.77
"2025-01-09 17:53:00",14.4,1.61,42.16
"2025-01-09 18:53:00",12.2,2.11,50.42
"2025-01-09 19:53:00",13.3,0.5,41.83
"2025-01-09 20:53:00",13.9,-0.7,36.87
"2025-01-09 21:53:00",10,0.51,52.01
"2025-01-09 22:53:00",13.3,-0.7,38.34
"2025-01-09 23:53:00",12.2,-0.1,43.04
"2025-01-10 00:53:00",8.3,0.51,58.32
"2025-01-10 01:53:00",7.8,0.52,60.34
"2025-01-10 02:53:00",8.3,1.02,60.46
"2025-01-10 03:53:00",7.8,1.02,62.55
"2025-01-10 04:53:00",5.6,1.04,72.76
"2025-01-10 05:53:00",5.6,0.53,70.19
"2025-01-10 06:53:00",4.4,0.55,76.31
"2025-01-10 07:53:00",5,1.65,79.2
"2025-01-10 08:53:00",8.3,2.74,68.28
"2025-01-10 09:53:00",10,2.72,60.89
"2025-01-10 10:53:00",13.3,2.72,48.97
"2025-01-10 11:53:00",16.1,3.22,42.36
"2025-01-10 12:53:00",19.4,3.24,34.42
"2025-01-10 13:53:00",20.6,1.65,28.52
"2025-01-10 14:53:00",20.6,2.15,29.56
"2025-01-10 15:53:00",18.9,2.74,34.27
"2025-01-10 16:53:00",16.1,2.72,40.88
"2025-01-10 17:53:00",13.9,2.71,47.09
"2025-01-10 18:53:00",11.1,3.22,58.63
"2025-01-10 19:53:00",11.1,7.76,80.11
"2025-01-10 20:53:00",10,7.17,82.74
"2025-01-10 21:53:00",8.3,7.19,92.78
"2025-01-10 22:53:00",7.8,6.69,92.75
"2025-01-10 23:53:00",6.7,4.37,85.25
"2025-01-11 00:53:00",5.6,4.38,91.98
"2025-01-11 01:53:00",5,3.88,92.59
"2025-01-11 02:53:00",4.4,3.28,92.55
"2025-01-11 03:53:00",5,3.27,88.75
"2025-01-11 04:53:00",11.1,1.61,52.32
"2025-01-11 05:53:00",10.6,-1.21,44.15
"2025-01-11 06:53:00",11.7,-3.42,34.88
"2025-01-11 07:53:00",12.2,-5.72,28.37
"2025-01-11 08:53:00",13.9,-5.71,25.39
"2025-01-11 09:53:00",15,-6.19,22.77
"2025-01-11 10:53:00",16.1,-6.18,21.22
"2025-01-11 11:53:00",17.2,-6.77,18.9
"2025-01-11 12:53:00",17.8,-8.35,16.07
"2025-01-11 13:53:00",19.4,-7.23,15.84
"2025-01-11 14:53:00",18.9,-8.92,14.32
"2025-01-11 15:53:00",18.3,-12.21,11.43
"2025-01-11 16:53:00",16.7,-10.65,14.37
"2025-01-11 17:53:00",14.4,-8.4,19.96
"2025-01-11 18:53:00",13.9,-8.4,20.62
"2025-01-11 19:53:00",15,-10.68,16.02
"2025-01-11 20:53:00",14.4,-10.09,17.47
"2025-01-11 21:53:00",14.4,-9.49,18.31
"2025-01-11 22:53:00",14.4,-9.49,18.31
"2025-01-11 23:53:00",13.9,-10.09,18.04
"2025-01-12 00:53:00",13.3,-9.5,19.67
"2025-01-12 01:53:00",13.3,-9,20.46
"2025-01-12 02:53:00",10.6,-7.93,26.63
"2025-01-12 03:53:00",9.4,-7.33,30.23
"2025-01-12 04:53:00",12.2,-8.42,23.04
"2025-01-12 05:53:00",12.2,-9.02,21.98
"2025-01-12 06:53:00",10.6,-7.33,27.9
"2025-01-12 07:53:00",10.6,-6.83,28.99
"2025-01-12 08:53:00",12.2,-5.72,28.37
"2025-01-12 09:53:00",14.4,-5.1,25.73
"2025-01-12 10:53:00",15.6,-6.79,20.92
"2025-01-12 11:53:00",16.1,-4.49,24.14
"2025-01-12 12:53:00",16.7,-5.68,21.22
"2025-01-12 13:53:00",17.2,-5.07,21.52
"2025-01-12 14:53:00",16.7,-3.38,25.24
"2025-01-12 15:53:00",15.6,-2.89,28.1
"2025-01-12 16:53:00",13.9,-2.3,32.78
"2025-01-12 17:53:00",11.1,-1.21,42.71
"2025-01-12 18:53:00",9.4,-1.21,47.84
"2025-01-12 19:53:00",7.8,-1.81,51.01
"2025-01-12 20:53:00",5,-1.79,61.87
"2025-01-12 21:53:00",5,-1.79,61.87
"2025-01-12 22:53:00",4.4,-1.78,64.52
"2025-01-12 23:53:00",3.9,-1.78,66.82
"2025-01-13 00:53:00",4.4,-0.67,69.94
"2025-01-13 01:53:00",3.9,-1.17,69.83
"2025-01-13 02:53:00",4.4,-1.78,64.52
"2025-01-13 03:53:00",4.4,-0.06,73.06
"2025-01-13 04:53:00",5,0.54,73.18
"2025-01-13 05:53:00",5.6,-0.07,67.2
"2025-01-13 06:53:00",5.6,1.65,75.97
"2025-01-13 07:53:00",6.1,-0.68,62.14
"2025-01-13 08:53:00",8.9,-1.81,47.35
"2025-01-13 09:53:00",11.7,-4.02,33.35
"2025-01-13 10:53:00",12.8,-4.01,31.02
"2025-01-13 11:53:00",13.9,-4,28.88
"2025-01-13 12:53:00",14.4,-4,27.96
"2025-01-13 13:53:00",15,-4.5,25.9
"2025-01-13 14:53:00",15,-3.4,28.13
"2025-01-13 15:53:00",13.9,-3.41,30.2
"2025-01-13 16:53:00",12.8,-4.01,31.02
"2025-01-13 17:53:00",9.4,-3.42,40.65
"2025-01-13 18:53:00",8.3,-2.31,47.52
"2025-01-13 19:53:00",6.1,-2.3,55.24
"2025-01-13 20:53:00",5.6,-2.3,57.19
"2025-01-13 21:53:00",3.3,-2.28,67.18
"2025-01-13 22:53:00",3.3,-2.28,67.18
"2025-01-13 23:53:00",2.2,-2.87,69.47
"2025-01-14 00:53:00",2.8,-2.27,69.6
"2025-01-14 01:53:00",1.7,-2.87,72
"2025-01-14 02:53:00",0.6,-3.36,75.08
"2025-01-14 03:53:00",0.6,-3.36,75.08
"2025-01-14 04:53:00",0,-3.35,78.42
"2025-01-14 05:53:00",0.6,-3.36,75.08
"2025-01-14 06:53:00",-0.6,-3.95,78.32
"2025-01-14 07:53:00",0.6,-2.85,77.93
"2025-01-14 08:53:00",4.4,-0.67,69.94
"2025-01-14 09:53:00",7.8,0.52,60.34
"2025-01-14 10:53:00",11.1,-0.1,46.28
"2025-01-14 11:53:00",13.9,-1.2,35.55
"2025-01-14 12:53:00",15,-0.7,34.34
"2025-01-14 13:53:00",15.6,0.51,36.06
"2025-01-14 14:53:00",16.1,0.51,34.92
"2025-01-14 15:53:00",15.6,0.51,36.06
"2025-01-14 16:53:00",14.4,-0.1,37.29
"2025-01-14 17:53:00",11.1,0.5,48.34
"2025-01-14 18:53:00",8.9,0.51,56
"2025-01-14 19:53:00",7.2,-0.08,60.19
"2025-01-14 20:53:00",5,-0.67,67.07
"2025-01-14 21:53:00",5,-0.67,67.07
"2025-01-14 22:53:00",4.4,-1.17,67.43
"2025-01-14 23:53:00",3.9,-1.17,69.83
"2025-01-15 00:53:00",3.3,-1.16,72.85
"2025-01-15 01:53:00",1.7,-1.75,78.11
"2025-01-15 02:53:00",2.2,-1.76,75.37
"2025-01-15 03:53:00",1.7,-1.75,78.11
"2025-01-15 04:53:00",1.7,-1.75,78.11
"2025-01-15 05:53:00",1.7,-1.75,78.11
"2025-01-15 06:53:00",1.7,-1.75,78.11
"2025-01-15 07:53:00",1.7,-1.75,78.11
"2025-01-15 08:53:00",4.4,1.66,82.59
"2025-01-15 09:53:00",7.2,1.03,65.17
"2025-01-15 10:53:00",10.6,1.61,54.09
"2025-01-15 11:53:00",12.8,2.71,50.59
"2025-01-15 12:53:00",15.6,2.72,42.21
"2025-01-15 13:53:00",16.7,2.12,37.71
"2025-01-15 14:53:00",16.1,2.72,40.88
"2025-01-15 15:53:00",15,2.72,43.87
"2025-01-15 16:53:00",12.8,2.71,50.59
"2025-01-15 17:53:00",10,2.12,58.34
"2025-01-15 18:53:00",9.4,2.12,60.74
"2025-01-15 19:53:00",7.2,1.63,68.04
"2025-01-15 20:53:00",5.6,1.04,72.76
"2025-01-15 21:53:00",5.6,1.04,72.76
"2025-01-15 22:53:00",3.9,0.55,79.03
"2025-01-15 23:53:00",3.3,-0.05,78.94
"2025-01-16 00:53:00",2.2,-0.03,85.35
"2025-01-16 01:53:00",1.1,-1.13,85.23
"2025-01-16 02:53:00",1.7,-1.14,81.63
"2025-01-16 03:53:00",1.7,-1.14,81.63
"2025-01-16 04:53:00",0.6,-1.74,84.55
"2025-01-16 05:53:00",1.1,-1.74,81.55
"2025-01-16 06:53:00",0.6,-1.74,84.55
"2025-01-16 07:53:00",1.1,-1.13,85.23
"2025-01-16 08:53:00",3.9,0.55,79.03
"2025-01-16 09:53:00",7.8,2.13,67.68
"2025-01-16 10:53:00",11.1,3.22,58.63
"2025-01-16 11:53:00",13.9,2.71,47.09
"2025-01-16 12:53:00",16.1,3.22,42.36
"2025-01-16 13:53:00",17.2,2.73,38.13
"2025-01-16 14:53:00",17.8,3.83,39.68
"2025-01-16 15:53:00",17.8,3.23,38.04
"2025-01-16 16:53:00",16.7,2.72,39.35
"2025-01-16 17:53:00",11.7,4.33,60.88
"2025-01-16 18:53:00",10,3.23,63.08
"2025-01-16 19:53:00",7.8,2.74,70.64
"2025-01-16 20:53:00",7.2,2.74,73.59
"2025-01-16 21:53:00",6.1,1.64,73.38
"2025-01-16 22:53:00",4.4,1.05,79.11
"2025-01-16 23:53:00",3.3,-0.05,78.94
"2025-01-17 00:53:00",3.3,-0.05,78.94
"2025-01-17 01:53:00",2.8,-0.04,81.79
"2025-01-17 02:53:00",2.2,-1.15,78.77
"2025-01-17 03:53:00",1.1,-1.74,81.55
"2025-01-17 04:53:00",1.1,-1.74,81.55
"2025-01-17 05:53:00",1.1,-1.74,81.55
"2025-01-17 06:53:00",1.1,-1.74,81.55
"2025-01-17 07:53:00",0.6,-1.74,84.55
"2025-01-17 08:53:00",5,0.54,73.18
"2025-01-17 09:53:00",7.2,2.74,73.59
"2025-01-17 10:53:00",10,4.34,68.16
"2025-01-17 11:53:00",12.2,6.04,66.3
"2025-01-17 12:53:00",14.4,4.93,53.22
"2025-01-17 13:53:00",14.4,NaN,NaN
"2025-01-17 14:53:00",13.9,NaN,NaN
"2025-01-17 15:53:00",13.3,NaN,NaN
"2025-01-17 16:53:00",11.1,NaN,NaN
"2025-01-17 17:53:00",8.9,NaN,NaN
"2025-01-17 18:53:00",7.8,NaN,NaN
"2025-01-17 19:53:00",6.7,NaN,NaN
"2025-01-17 20:53:00",5.6,NaN,NaN
"2025-01-17 21:53:00",5.6,NaN,NaN
"2025-01-17 22:53:00",6.7,NaN,NaN
"2025-01-17 23:53:00",7.2,NaN,NaN
"2025-01-18 00:53:00",7.8,NaN,NaN
"2025-01-18 01:53:00",7.2,NaN,NaN
"2025-01-18 02:53:00",7.2,NaN,NaN
"2025-01-18 03:53:00",6.7,NaN,NaN
"2025-01-18 04:53:00",6.1,NaN,NaN
"2025-01-18 05:53:00",5.6,NaN,NaN
"2025-01-18 06:53:00",5,NaN,NaN
"2025-01-18 07:53:00",4.4,NaN,NaN
"2025-01-18 08:53:00",3.9,NaN,NaN
"2025-01-18 09:53:00",5,NaN,NaN
"2025-01-18 10:53:00",8.3,4.35,76.43
"2025-01-18 11:53:00",10,4.95,71.08
"2025-01-18 12:53:00",13.3,5.53,59.6
"2025-01-18 13:53:00",16.7,1.02,34.85
"2025-01-18 14:53:00",16.1,1.62,37.8
"2025-01-18 15:53:00",16.1,1.62,37.8
"2025-01-18 16:53:00",14.4,2.71,45.59
"2025-01-18 17:53:00",10.6,2.12,56.05
"2025-01-18 18:53:00",7.8,1.63,65.31
"2025-01-18 19:53:00",7.2,1.63,68.04
"2025-01-18 20:53:00",6.1,1.03,70.29
"2025-01-18 21:53:00",4.4,0.55,76.31
"2025-01-18 22:53:00",3.9,-0.06,75.67
"2025-01-18 23:53:00",3.3,-0.05,78.94
"2025-01-19 00:53:00",2.8,-0.65,78.29
"2025-01-19 01:53:00",1.7,-1.14,81.63
"2025-01-19 02:53:00",1.7,-1.14,81.63
"2025-01-19 03:53:00",1.1,-1.74,81.55
"2025-01-19 04:53:00",0.6,-1.74,84.55
"2025-01-19 05:53:00",0,-1.73,88.3
"2025-01-19 06:53:00",0,-2.24,85.1
"2025-01-19 07:53:00",0.6,-1.74,84.55
"2025-01-19 08:53:00",3.3,0.56,82.45
"2025-01-19 09:53:00",6.1,1.64,73.38
"2025-01-19 10:53:00",8.9,3.23,67.92
"2025-01-19 11:53:00",11.1,6.05,71.29
"2025-01-19 12:53:00",12.2,6.04,66.3
"2025-01-19 13:53:00",13.3,6.04,61.69
"2025-01-19 14:53:00",13.3,6.04,61.69
"2025-01-19 15:53:00",12.8,6.04,63.74
"2025-01-19 16:53:00",10,5.55,74.1
"2025-01-19 17:53:00",8.3,5.57,83.1
"2025-01-19 18:53:00",7.2,4.97,85.9
"2025-01-19 19:53:00",6.1,4.38,88.85
"2025-01-19 20:53:00",5.6,4.38,91.98
"2025-01-19 21:53:00",4.4,3.28,92.55
"2025-01-19 22:53:00",6.1,4.98,92.65
"2025-01-19 23:53:00",6.7,5.59,92.69
"2025-01-20 00:53:00",6.1,4.98,92.65
"2025-01-20 01:53:00",5.6,4.99,95.91
"2025-01-20 02:53:00",5,4.39,95.89
"2025-01-20 03:53:00",5,4.39,95.89
"2025-01-20 04:53:00",3.3,3.3,100
"2025-01-20 05:53:00",1.7,1.09,95.78
"2025-01-20 06:53:00",1.1,1.1,100
"2025-01-20 07:53:00",3.9,-0.66,72.44
"2025-01-20 08:53:00",10,-3.42,39.05
"2025-01-20 09:53:00",12.2,-6.82,26.08
"2025-01-20 10:53:00",13.3,-6.21,25.41
"2025-01-20 11:53:00",14.4,-5.1,25.73
"2025-01-20 12:53:00",15,-6.19,22.77
"2025-01-20 13:53:00",15.6,-6.19,21.91
"2025-01-20 14:53:00",15.6,-5.69,22.76
"2025-01-20 15:53:00",15.6,-5.09,23.82
"2025-01-20 16:53:00",13.9,-5.1,26.58
"2025-01-20 17:53:00",11.1,-5.12,31.93
"2025-01-20 18:53:00",7.8,-4.02,43.31
"2025-01-20 19:53:00",7.8,-4.52,41.71
"2025-01-20 20:53:00",5.6,-4.52,48.52
"2025-01-20 21:53:00",4.4,-4.51,52.75
"2025-01-20 22:53:00",4.4,-5.12,50.41
"2025-01-20 23:53:00",3.3,-4.5,57
"2025-01-21 00:53:00",1.7,-5.09,61.04
"2025-01-21 01:53:00",1.7,-5.09,61.04
"2025-01-21 02:53:00",1.7,-5.7,58.32
"2025-01-21 03:53:00",0.6,-5.69,63.12
"2025-01-21 04:53:00",0.6,-6.2,60.75
"2025-01-21 05:53:00",0.6,-5.69,63.12
"2025-01-21 06:53:00",0.6,-5.08,66.06
"2025-01-21 07:53:00",0,-5.08,69
"2025-01-21 08:53:00",3.9,-2.89,61.59
"2025-01-21 09:53:00",7.8,-3.42,45.3
"2025-01-21 10:53:00",10,-4.52,35.96
"2025-01-21 11:53:00",13.9,-4.51,27.81
"2025-01-21 12:53:00",15,-5.1,24.75
"2025-01-21 13:53:00",16.1,-3.39,26.22
"2025-01-21 14:53:00",17.8,-3.97,22.51
"2025-01-21 15:53:00",15.6,0.51,36.06
"2025-01-21 16:53:00",12.8,0.5,43.22
"2025-01-21 17:53:00",10,0.51,52.01
"2025-01-21 18:53:00",8.9,-0.09,53.62
"2025-01-21 19:53:00",6.1,-0.08,64.92
"2025-01-21 20:53:00",5,-0.67,67.07
"2025-01-21 21:53:00",3.3,-2.28,67.18
"2025-01-21 22:53:00",2.8,-2.27,69.6
"2025-01-21 23:53:00",2.2,-2.26,72.64
"2025-01-22 00:53:00",1.1,-2.86,75.17
"2025-01-22 01:53:00",0.6,-2.85,77.93
"2025-01-22 02:53:00",0.6,-3.36,75.08
"2025-01-22 03:53:00",-0.6,-3.95,78.32
"2025-01-22 04:53:00",-0.6,-3.34,81.92
"2025-01-22 05:53:00",0.6,-3.36,75.08
"2025-01-22 06:53:00",-0.6,-3.95,78.32
"2025-01-22 07:53:00",1.1,-2.86,75.17
"2025-01-22 08:53:00",3.9,-0.66,72.44
"2025-01-22 09:53:00",8.9,1.01,58.06
"2025-01-22 10:53:00",16.1,-3.99,25.07
"2025-01-22 11:53:00",17.8,-4.47,21.68
"2025-01-22 12:53:00",17.8,-4.47,21.68
"2025-01-22 13:53:00",18.3,-4.46,21.01
"2025-01-22 14:53:00",18.3,-3.96,21.82
"2025-01-22 15:53:00",17.2,-2.88,25.38
"2025-01-22 16:53:00",15,-3.4,28.13
"2025-01-22 17:53:00",13.3,-3.41,31.41
"2025-01-22 18:53:00",11.1,-2.91,37.67
"2025-01-22 19:53:00",8.9,-2.31,45.63
"2025-01-22 20:53:00",7.8,-2.91,47.02
"2025-01-22 21:53:00",6.7,-2.91,50.7
"2025-01-22 22:53:00",5,-2.29,59.62
"2025-01-22 23:53:00",3.9,-2.28,64.4
"2025-01-23 00:53:00",5,-1.79,61.87
"2025-01-23 01:53:00",5,-1.79,61.87
"2025-01-23 02:53:00",3.9,-1.78,66.82
"2025-01-23 03:53:00",5,-1.18,64.66
"2025-01-23 04:53:00",6.7,-0.08,62.29
"2025-01-23 05:53:00",6.7,0.52,65.05
"2025-01-23 06:53:00",3.9,-0.06,75.67
"2025-01-23 07:53:00",3.3,-0.05,78.94
"2025-01-23 08:53:00",7.2,1.03,65.17
"2025-01-23 09:53:00",12.8,1.61,46.78
"2025-01-23 10:53:00",15.6,1.62,39.03
"2025-01-23 11:53:00",16.7,2.12,37.71
"2025-01-23 12:53:00",17.8,2.13,35.18
"2025-01-23 13:53:00",18.3,2.73,35.58
"2025-01-23 14:53:00",18.3,1.63,32.89
"2025-01-23 15:53:00",17.8,2.13,35.18
"2025-01-23 16:53:00",15.6,2.12,40.45
"2025-01-23 17:53:00",12.2,2.11,50.42
"2025-01-23 18:53:00",11.1,1.61,52.32
"2025-01-23 19:53:00",9.4,1.62,58.61
"2025-01-23 20:53:00",7.8,1.63,65.31
"2025-01-23 21:53:00",6.1,1.03,70.29
"2025-01-23 22:53:00",5,0.54,73.18
"2025-01-23 23:53:00",3.9,0.55,79.03
"2025-01-24 00:53:00",3.9,0.55,79.03
"2025-01-24 01:53:00",3.3,-0.05,78.94
"2025-01-24 02:53:00",1.7,-1.14,81.63
"2025-01-24 03:53:00",2.2,-0.64,81.7
"2025-01-24 04:53:00",1.7,-1.14,81.63
"2025-01-24 05:53:00",0.6,-1.74,84.55
"2025-01-24 06:53:00",1.1,-1.74,81.55
"2025-01-24 07:53:00",2.2,-0.64,81.7
"2025-01-24 08:53:00",5,1.65,79.2
"2025-01-24 09:53:00",8.3,1.62,63.13
"2025-01-24 10:53:00",11.7,1.61,50.28
"2025-01-24 11:53:00",14.4,2.11,43.69
"2025-01-24 12:53:00",16.7,3.22,40.77
"2025-01-24 13:53:00",16.7,3.22,40.77
"2025-01-24 14:53:00",15.6,4.32,47.25
"2025-01-24 15:53:00",14.4,4.93,53.22
"2025-01-24 16:53:00",13.3,4.93,57.16
"2025-01-24 17:53:00",12.2,4.93,61.43
"2025-01-24 18:53:00",10,4.95,71.08
"2025-01-24 19:53:00",9.4,4.95,73.99
"2025-01-24 20:53:00",9.4,4.95,73.99
"2025-01-24 21:53:00",7.2,4.36,82.38
"2025-01-24 22:53:00",6.7,3.86,82.31
"2025-01-24 23:53:00",8.3,6.68,89.65
"2025-01-25 00:53:00",6.7,5.59,92.69
"2025-01-25 01:53:00",6.1,4.38,88.85
"2025-01-25 02:53:00",4.4,3.28,92.55
"2025-01-25 03:53:00",5,3.88,92.59
"2025-01-25 04:53:00",5.6,4.38,91.98
"2025-01-25 05:53:00",4.4,3.89,96.55
"2025-01-25 06:53:00",4.4,3.28,92.55
"2025-01-25 07:53:00",3.9,2.18,88.66
"2025-01-25 08:53:00",9.4,-1.81,45.78
"2025-01-25 09:53:00",10,-5.13,34.36
"2025-01-25 10:53:00",10.6,-6.83,28.99
"2025-01-25 11:53:00",10.6,-5.73,31.54
"2025-01-25 12:53:00",10,-4.52,35.96
"2025-01-25 13:53:00",10,-4.52,35.96
"2025-01-25 14:53:00",10,-4.52,35.96
"2025-01-25 15:53:00",10,-3.42,39.05
"2025-01-25 16:53:00",10,-3.42,39.05
"2025-01-25 17:53:00",10,-1.81,43.97
"2025-01-25 18:53:00",8.9,-1.2,49.48
"2025-01-25 19:53:00",8.3,0.51,58.32
"2025-01-25 20:53:00",8.3,-0.09,55.84
"2025-01-25 21:53:00",7.2,1.03,65.17
"2025-01-25 22:53:00",6.1,-1.19,59.91
"2025-01-25 23:53:00",5,-1.18,64.66
"2025-01-26 00:53:00",5,-1.79,61.87
"2025-01-26 01:53:00",4.4,-1.17,67.43
"2025-01-26 02:53:00",5,-0.07,70.06
"2025-01-26 03:53:00",5.6,1.04,72.76
"2025-01-26 04:53:00",6.1,1.03,70.29
"2025-01-26 05:53:00",6.7,3.25,78.9
"2025-01-26 06:53:00",6.7,-0.69,59.62
"2025-01-26 07:53:00",6.1,-0.68,62.14
"2025-01-26 08:53:00",6.1,-3.41,50.9
"2025-01-26 09:53:00",6.7,-3.41,48.84
"2025-01-26 10:53:00",8.9,-2.92,43.64
"2025-01-26 11:53:00",10,-4.02,37.33
"2025-01-26 12:53:00",11.1,-1.81,40.87
"2025-01-26 13:53:00",12.2,-2.91,35.03
"2025-01-26 14:53:00",12.8,-5.11,28.55
"2025-01-26 15:53:00",12.8,-6.21,26.26
"2025-01-26 16:53:00",11.7,-5.72,29.32
"2025-01-26 17:53:00",8.9,-5.73,35.35
"2025-01-26 18:53:00",7.2,-5.13,41.53
"2025-01-26 19:53:00",4.4,-4.51,52.75
"2025-01-26 20:53:00",1.7,-4.49,63.87
"2025-01-26 21:53:00",2.8,-4.5,59.05
"2025-01-26 22:53:00",1.7,-5.09,61.04
"2025-01-26 23:53:00",0.6,-4.48,69.13
"2025-01-27 00:53:00",0,-4.47,72.2
"2025-01-27 01:53:00",0,-5.08,69
"2025-01-27 02:53:00",-0.6,-5.07,72.08
"2025-01-27 03:53:00",-1.1,-5.67,71.44
"2025-01-27 04:53:00",-1.1,-5.67,71.44
"2025-01-27 05:53:00",-2.2,-6.16,74.56
"2025-01-27 06:53:00",-2.2,-6.16,74.56
"2025-01-27 07:53:00",-0.6,-5.68,68.87
"2025-01-27 08:53:00",2.8,-2.88,66.57
"2025-01-27 09:53:00",7.2,-3.41,47.2
"2025-01-27 10:53:00",10.6,-2.92,38.94
"2025-01-27 11:53:00",13.3,-5.71,26.4
"2025-01-27 12:53:00",14.4,-4.51,26.92
"2025-01-27 13:53:00",15,-5.1,24.75
"2025-01-27 14:53:00",15.6,-5.09,23.82
"2025-01-27 15:53:00",15.6,-5.09,23.82
"2025-01-27 16:53:00",13.9,-1.8,34.01
"2025-01-27 17:53:00",10,-2.31,42.38
"2025-01-27 18:53:00",9.4,-2.31,44.12
"2025-01-27 19:53:00",6.1,-2.3,55.24
"2025-01-27 20:53:00",5,-2.29,59.62
"2025-01-27 21:53:00",3.9,-2.28,64.4
"2025-01-27 22:53:00",2.8,-2.88,66.57
"2025-01-27 23:53:00",2.2,-2.87,69.47
"2025-01-28 00:53:00",1.1,-3.97,69.24
"2025-01-28 01:53:00",0.6,-3.97,71.78
"2025-01-28 02:53:00",0,-3.96,74.97
"2025-01-28 03:53:00",0,-3.96,74.97
"2025-01-28 04:53:00",0,-3.96,74.97
"2025-01-28 05:53:00",-0.6,-3.34,81.92
"2025-01-28 06:53:00",0,-3.96,74.97
"2025-01-28 07:53:00",0,-3.35,78.42
"2025-01-28 08:53:00",3.3,-1.77,69.71
"2025-01-28 09:53:00",6.7,-1.19,57.48
"2025-01-28 10:53:00",9.4,1.62,58.61
"2025-01-28 11:53:00",11.7,3.22,56.34
"2025-01-28 12:53:00",14.4,1.01,40.38
"2025-01-28 13:53:00",15.6,1.62,39.03
"2025-01-28 14:53:00",16.1,1.62,37.8
"2025-01-28 15:53:00",15.6,3.82,45.62
"2025-01-28 16:53:00",13.9,-1.2,35.55
"2025-01-28 17:53:00",10.6,5.55,71.19
"2025-01-28 18:53:00",8.9,6.07,82.6
"2025-01-28 19:53:00",7.8,5.57,85.97
"2025-01-28 20:53:00",6.1,4.38,88.85
"2025-01-28 21:53:00",5.6,3.88,88.81
"2025-01-28 22:53:00",5,3.88,92.59
"2025-01-28 23:53:00",3.9,2.78,92.52
"2025-01-29 00:53:00",3.3,2.18,92.49
"2025-01-29 01:53:00",5,3.88,92.59
"2025-01-29 02:53:00",6.1,3.87,85.79
"2025-01-29 03:53:00",6.1,3.26,82.23
"2025-01-29 04:53:00",6.1,2.76,79.37
"2025-01-29 05:53:00",6.7,2.75,76.16
"2025-01-29 06:53:00",6.1,2.76,79.37
"2025-01-29 07:53:00",6.7,2.75,76.16
"2025-01-29 08:53:00",7.2,2.14,70.51
"2025-01-29 09:53:00",8.3,3.24,70.74
"2025-01-29 10:53:00",9.4,4.95,73.99
"2025-01-29 11:53:00",11.1,4.94,66.05
"2025-01-29 12:53:00",12.2,5.54,64.04
"2025-01-29 13:53:00",12.8,4.93,59.06
"2025-01-29 14:53:00",13.3,4.32,54.81
"2025-01-29 15:53:00",13.3,3.82,52.92
"2025-01-29 16:53:00",11.7,4.93,63.48
"2025-01-29 17:53:00",8.3,3.85,73.79
"2025-01-29 18:53:00",7.8,4.97,82.46
"2025-01-29 19:53:00",6.1,4.38,88.85
"2025-01-29 20:53:00",6.7,4.37,85.25
"2025-01-29 21:53:00",5,3.27,88.75
"2025-01-29 22:53:00",5,3.27,88.75
"2025-01-29 23:53:00",6.1,4.38,88.85
"2025-01-30 00:53:00",6.7,4.37,85.25
"2025-01-30 01:53:00",7.2,4.97,85.9
"2025-01-30 02:53:00",7.8,4.97,82.46
"2025-01-30 03:53:00",7.2,3.86,79.54
"2025-01-30 04:53:00",6.7,3.86,82.31
"2025-01-30 05:53:00",6.7,3.25,78.9
"2025-01-30 06:53:00",6.1,2.76,79.37
"2025-01-30 07:53:00",6.7,3.25,78.9
"2025-01-30 08:53:00",7.8,3.85,76.34
"2025-01-30 09:53:00",8.9,3.84,70.86
"2025-01-30 10:53:00",9.4,3.84,68.51
"2025-01-30 11:53:00",10.6,4.33,65.48
"2025-01-30 12:53:00",10.6,3.83,63.23
"2025-01-30 13:53:00",10.6,3.23,60.61
"2025-01-30 14:53:00",11.7,3.83,58.78
"2025-01-30 15:53:00",11.1,3.83,61.16
"2025-01-30 16:53:00",10.6,3.83,63.23
"2025-01-30 17:53:00",9.4,3.23,65.67
"2025-01-30 18:53:00",7.8,2.74,70.64
"2025-01-30 19:53:00",7.2,3.25,76.24
"2025-01-30 20:53:00",6.1,2.76,79.37
"2025-01-30 21:53:00",5,2.77,85.67
"2025-01-30 22:53:00",4.4,2.17,85.6
"2025-01-30 23:53:00",3.9,2.18,88.66
"2025-01-31 00:53:00",3.9,2.18,88.66
"2025-01-31 01:53:00",5,2.77,85.67
"2025-01-31 02:53:00",5.6,2.76,82.17
"2025-01-31 03:53:00",4.4,2.78,89.33
"2025-01-31 04:53:00",5,2.77,85.67
"2025-01-31 05:53:00",5,3.27,88.75
"2025-01-31 06:53:00",5.6,3.88,88.81
"2025-01-31 07:53:00",6.1,3.87,85.79
"2025-01-31 08:53:00",6.7,4.37,85.25
"2025-01-31 09:53:00",7.8,4.97,82.46
"2025-01-31 10:53:00",8.9,5.56,79.79
"2025-01-31 11:53:00",10,6.06,76.71
"2025-01-31 12:53:00",11.1,6.05,71.29
"2025-01-31 13:53:00",11.1,7.16,76.89
"2025-01-31 14:53:00",10.6,8.88,89.23
"2025-01-31 15:53:00",10.6,9.39,92.29
"2025-01-31 16:53:00",11.1,9.38,89.27
"2025-01-31 17:53:00",10.6,9.39,92.29
"2025-01-31 18:53:00",11.1,9.99,92.94
"2025-01-31 19:53:00",11.1,10.59,96.73
"2025-01-31 20:53:00",10.6,10.6,100
"2025-01-31 21:53:00",11.1,10.59,96.73
"2025-01-31 22:53:00",11.1,10.59,96.73
"2025-01-31 23:53:00",11.1,10.59,96.73
"2025-02-01 00:53:00",11.1,10.59,96.73
"2025-02-01 01:53:00",11.1,10.59,96.73
"2025-02-01 02:53:00",11.1,10.59,96.73
"2025-02-01 03:53:00",10.6,10.6,100
"2025-02-01 04:53:00",11.1,10.59,96.73
"2025-02-01 05:53:00",11.1,11.1,100
"2025-02-01 06:53:00",11.7,11.09,96.11
"2025-02-01 07:53:00",11.7,11.09,96.11
"2025-02-01 08:53:00",11.7,11.7,100
"2025-02-01 09:53:00",12.8,12.19,96.14
"2025-02-01 10:53:00",13.9,12.79,93.09
"2025-02-01 11:53:00",13.3,12.8,96.79
"2025-02-01 12:53:00",13.9,13.29,96.17
"2025-02-01 13:53:00",14.4,13.9,96.82
"2025-02-01 14:53:00",14.4,13.9,96.82
"2025-02-01 15:53:00",13.9,13.29,96.17
"2025-02-01 16:53:00",14.4,12.79,90.12
"2025-02-01 17:53:00",15,12.18,83.36
"2025-02-01 18:53:00",15,11.67,80.66
"2025-02-01 19:53:00",14.4,11.68,83.84
"2025-02-01 20:53:00",14.4,11.68,83.84
"2025-02-01 21:53:00",14.4,11.68,83.84
"2025-02-01 22:53:00",14.4,11.68,83.84
"2025-02-01 23:53:00",15,11.67,80.66
"2025-02-02 00:53:00",14.4,11.68,83.84
"2025-02-02 01:53:00",15,11.07,77.52
"2025-02-02 02:53:00",14.4,11.07,80.58
"2025-02-02 03:53:00",14.4,10.57,77.94
"2025-02-02 04:53:00",14.4,10.57,77.94
"2025-02-02 05:53:00",14.4,10.57,77.94
"2025-02-02 06:53:00",14.4,10.57,77.94
"2025-02-02 07:53:00",15,9.96,72.04
"2025-02-02 08:53:00",15,9.96,72.04
"2025-02-02 09:53:00",15,10.57,74.99
"2025-02-02 10:53:00",15.6,11.06,74.59
"2025-02-02 11:53:00",15.6,11.06,74.59
"2025-02-02 12:53:00",15.6,11.06,74.59
"2025-02-02 13:53:00",16.1,11.06,72.25
"2025-02-02 14:53:00",15.6,11.06,74.59
"2025-02-02 15:53:00",16.1,11.06,72.25
"2025-02-02 16:53:00",15.6,11.67,77.61
"2025-02-02 17:53:00",13.9,11.68,86.6
"2025-02-02 18:53:00",13.3,11.08,86.54
"2025-02-02 19:53:00",13.9,10.57,80.51
"2025-02-02 20:53:00",13.9,9.97,77.35
"2025-02-02 21:53:00",13.9,9.97,77.35
"2025-02-02 22:53:00",12.2,9.37,83.02
"2025-02-02 23:53:00",12.8,9.97,83.09
"2025-02-03 00:53:00",13.9,9.97,77.35
"2025-02-03 01:53:00",13.3,9.97,80.42
"2025-02-03 02:53:00",13.3,9.97,80.42
"2025-02-03 03:53:00",13.3,8.86,74.69
"2025-02-03 04:53:00",13.3,8.86,74.69
"2025-02-03 05:53:00",13.3,8.86,74.69
"2025-02-03 06:53:00",12.2,8.87,80.27
"2025-02-03 07:53:00",12.2,9.37,83.02
"2025-02-03 08:53:00",12.8,8.86,77.17
"2025-02-03 09:53:00",13.9,8.86,71.83
"2025-02-03 10:53:00",13.9,8.25,68.98
"2025-02-03 11:53:00",13.9,7.75,66.67
"2025-02-03 12:53:00",14.4,7.75,64.55
"2025-02-03 13:53:00",14.4,7.75,64.55
"2025-02-03 14:53:00",14.4,7.75,64.55
"2025-02-03 15:53:00",14.4,7.75,64.55
"2025-02-03 16:53:00",13.9,7.14,64
"2025-02-03 17:53:00",13.3,7.15,66.54
"2025-02-03 18:53:00",13.3,7.15,66.54
"2025-02-03 19:53:00",13.9,7.14,64
"2025-02-03 20:53:00",13.9,7.14,64
"2025-02-03 21:53:00",13.9,7.75,66.67
"2025-02-03 22:53:00",13.3,7.75,69.32
"2025-02-03 23:53:00",13.3,7.75,69.32
"2025-02-04 00:53:00",13.9,7.75,66.67
"2025-02-04 01:53:00",13.9,7.75,66.67
"2025-02-04 02:53:00",14.4,8.25,66.78
"2025-02-04 03:53:00",13.3,8.86,74.69
"2025-02-04 04:53:00",12.8,9.97,83.09
"2025-02-04 05:53:00",12.2,10.58,89.96
"2025-02-04 06:53:00",12.2,9.98,86.42
"2025-02-04 07:53:00",11.7,10.59,92.97
"2025-02-04 08:53:00",12.2,9.98,86.42
"2025-02-04 09:53:00",16.1,10.56,69.89
"2025-02-04 10:53:00",17.2,11.06,67.38
"2025-02-04 11:53:00",18.3,11.06,62.87
"2025-02-04 12:53:00",18.3,10.56,60.82
"2025-02-04 13:53:00",17.2,11.06,67.38
"2025-02-04 14:53:00",16.7,11.06,69.55
"2025-02-04 15:53:00",15,11.67,80.66
"2025-02-04 16:53:00",14.4,12.18,86.65
"2025-02-04 17:53:00",10.6,9.39,92.29
"2025-02-04 18:53:00",9.4,8.89,96.69
"2025-02-04 19:53:00",8.9,7.18,89.09
"2025-02-04 20:53:00",8.9,6.07,82.6
"2025-02-04 21:53:00",8.3,5.57,83.1
"2025-02-04 22:53:00",6.7,4.37,85.25
"2025-02-04 23:53:00",6.1,3.26,82.23
"2025-02-05 00:53:00",5,2.16,82.09
"2025-02-05 01:53:00",4.4,1.66,82.59
"2025-02-05 02:53:00",3.3,1.68,89.24
"2025-02-05 03:53:00",2.2,0.58,89.15
"2025-02-05 04:53:00",2.2,-0.03,85.35
"2025-02-05 05:53:00",1.7,0.58,92.39
"2025-02-05 06:53:00",1.7,0.58,92.39
"2025-02-05 07:53:00",1.7,0.58,92.39
"2025-02-05 08:53:00",5,2.77,85.67
"2025-02-05 09:53:00",7.8,2.74,70.64
"2025-02-05 10:53:00",10,3.23,63.08
"2025-02-05 11:53:00",11.7,1.01,48.16
"2025-02-05 12:53:00",12.8,0.5,43.22
"2025-02-05 13:53:00",12.8,-0.7,39.61
"2025-02-05 14:53:00",13.9,1.01,41.71
"2025-02-05 15:53:00",12.8,-1.2,38.19
"2025-02-05 16:53:00",11.1,-0.7,44.3
"2025-02-05 17:53:00",8.9,0.51,56
"2025-02-05 18:53:00",6.7,1.03,67.44
"2025-02-05 19:53:00",5,0.54,73.18
"2025-02-05 20:53:00",5,0.54,73.18
"2025-02-05 21:53:00",4.4,0.55,76.31
"2025-02-05 22:53:00",2.8,-0.04,81.79
"2025-02-05 23:53:00",2.8,-0.04,81.79
"2025-02-06 00:53:00",1.7,-0.64,84.68
"2025-02-06 01:53:00",1.7,-0.64,84.68
"2025-02-06 02:53:00",2.2,-0.03,85.35
"2025-02-06 03:53:00",2.8,-0.04,81.79
"2025-02-06 04:53:00",6.7,0.52,65.05
"2025-02-06 05:53:00",7.2,0.52,62.86
"2025-02-06 06:53:00",6.7,2.14,72.97
"2025-02-06 07:53:00",5.6,3.27,85.13
"2025-02-06 08:53:00",5.6,4.38,91.98
"2025-02-06 09:53:00",6.7,4.98,88.9
"2025-02-06 10:53:00",8.9,7.18,89.09
"2025-02-06 11:53:00",10.6,8.88,89.23
"2025-02-06 12:53:00",12.2,9.98,86.42
"2025-02-06 13:53:00",16.1,10.56,69.89
"2025-02-06 14:53:00",16.7,11.67,72.36
"2025-02-06 15:53:00",15,12.18,83.36
"2025-02-06 16:53:00",14.4,12.79,90.12
"2025-02-06 17:53:00",14.4,12.18,86.65
"2025-02-06 18:53:00",15,11.07,77.52
"2025-02-06 19:53:00",15,11.67,80.66
"2025-02-06 20:53:00",14.4,11.07,80.58
"2025-02-06 21:53:00",13.9,10.57,80.51
"2025-02-06 22:53:00",10,8.89,92.87
"2025-02-06 23:53:00",9.4,7.78,89.74
"2025-02-07 00:53:00",9.4,7.17,86.14
"2025-02-07 01:53:00",9.4,7.17,86.14
"2025-02-07 02:53:00",9.4,6.67,83.23
"2025-02-07 03:53:00",8.9,6.67,86.08
"2025-02-07 04:53:00",8.9,7.18,89.09
"2025-02-07 05:53:00",8.3,7.19,92.78
"2025-02-07 06:53:00",8.9,6.67,86.08
"2025-02-07 07:53:00",8.9,7.79,92.81
"2025-02-07 08:53:00",10,7.17,82.74
"2025-02-07 09:53:00",10.6,6.66,76.81
"2025-02-07 10:53:00",11.1,7.16,76.89
"2025-02-07 11:53:00",11.1,7.76,80.11
"2025-02-07 12:53:00",12.8,7.75,71.62
"2025-02-07 13:53:00",12.2,6.04,66.3
"2025-02-07 14:53:00",13.3,7.15,66.54
"2025-02-07 15:53:00",12.2,3.83,56.88
"2025-02-07 16:53:00",12.2,4.33,58.91
"2025-02-07 17:53:00",10,5.55,74.1
"2025-02-07 18:53:00",8.9,5.56,79.79
"2025-02-07 19:53:00",8.3,5.57,83.1
"2025-02-07 20:53:00",7.2,4.97,85.9
"2025-02-07 21:53:00",6.1,4.38,88.85
"2025-02-07 22:53:00",5,3.88,92.59
"2025-02-07 23:53:00",3.9,3.29,95.86
"2025-02-08 00:53:00",4.4,3.28,92.55
"2025-02-08 01:53:00",2.8,1.68,92.46
"2025-02-08 02:53:00",2.8,1.68,92.46
"2025-02-08 03:53:00",2.2,1.69,96.49
"2025-02-08 04:53:00",1.1,1.1,100
"2025-02-08 05:53:00",2.2,2.2,100
"2025-02-08 06:53:00",2.2,1.69,96.49
"2025-02-08 07:53:00",1.7,1.7,100
"2025-02-08 10:53:00",8.9,2.12,62.82
"2025-02-08 11:53:00",10.6,3.23,60.61
"2025-02-08 12:53:00",11.7,3.22,56.34
"2025-02-08 13:53:00",13.3,-1.81,35.36
"2025-02-08 15:53:00",13.3,0.5,41.83
"2025-02-08 16:53:00",12.8,-0.1,41.38
"2025-02-08 17:53:00",10.6,-0.1,47.84
"2025-02-08 18:53:00",8.3,-0.09,55.84
"2025-02-08 19:53:00",5.6,0.53,70.19
"2025-02-08 22:53:00",3.3,-0.66,75.57
"2025-02-08 23:53:00",2.2,-0.64,81.7
"2025-02-09 00:53:00",2.8,-0.65,78.29
"2025-02-09 01:53:00",1.7,-1.14,81.63
"2025-02-09 03:53:00",1.1,-1.74,81.55
"2025-02-09 04:53:00",0,-2.24,85.1
"2025-02-09 05:53:00",0,-2.24,85.1
"2025-02-09 06:53:00",0,-2.84,81.4
"2025-02-09 07:53:00",1.1,-1.13,85.23
"2025-02-09 08:53:00",5.6,1.04,72.76
"2025-02-09 09:53:00",10,-3.42,39.05
"2025-02-09 10:53:00",10.6,-2.31,40.72
"2025-02-09 11:53:00",11.7,-1.81,39.28
"2025-02-09 12:53:00",12.2,-2.31,36.63
"2025-02-09 13:53:00",13.3,-1.81,35.36
"2025-02-09 14:53:00",13.3,-2.31,34.08
"2025-02-09 15:53:00",13.3,-2.91,32.6
"2025-02-09 16:53:00",12.2,-2.91,35.03
"2025-02-09 17:53:00",9.4,-1.21,47.84
"2025-02-09 18:53:00",6.1,-1.19,59.91
"2025-02-09 19:53:00",5,-0.67,67.07
"2025-02-09 20:53:00",4.4,-1.17,67.43
"2025-02-09 21:53:00",2.8,-1.16,75.48
"2025-02-09 22:53:00",2.2,-1.76,75.37
"2025-02-09 23:53:00",1.7,-2.26,75.28
"2025-02-10 00:53:00",1.7,-2.26,75.28
"2025-02-10 01:53:00",0,-2.84,81.4
"2025-02-10 02:53:00",-0.6,-2.84,85.03
"2025-02-10 03:53:00",-0.6,-3.34,81.92
"2025-02-10 04:53:00",-0.6,-3.34,81.92
"2025-02-10 05:53:00",-1.1,-3.95,81.24
"2025-02-10 06:53:00",-0.6,-3.34,81.92
"2025-02-10 07:53:00",0,-3.35,78.42
"2025-02-10 08:53:00",3.9,-2.28,64.4
"2025-02-10 09:53:00",8.3,-0.09,55.84
"2025-02-10 10:53:00",10.6,-5.12,33.01
"2025-02-10 11:53:00",11.7,-4.02,33.35
"2025-02-10 12:53:00",12.8,-4.51,29.88
"2025-02-10 13:53:00",13.3,-5.11,27.63
"2025-02-10 14:53:00",13.9,-4,28.88
"2025-02-10 15:53:00",13.9,-3.41,30.2
"2025-02-10 16:53:00",13.3,-2.31,34.08
"2025-02-10 17:53:00",10.6,1.01,51.8
"2025-02-10 18:53:00",8.9,3.84,70.86
"2025-02-10 19:53:00",7.8,3.24,73.18
"2025-02-10 20:53:00",6.1,2.76,79.37
"2025-02-10 21:53:00",5,1.65,79.2
"2025-02-10 22:53:00",3.3,1.07,85.48
"2025-02-10 23:53:00",2.2,0.58,89.15
"2025-02-11 00:53:00",1.7,-0.03,88.46
"2025-02-11 01:53:00",1.1,-0.63,88.4
"2025-02-11 02:53:00",1.7,-0.03,88.46
"2025-02-11 03:53:00",0,-1.73,88.3
"2025-02-11 04:53:00",0.6,-1.74,84.55
"2025-02-11 05:53:00",-1.7,-2.82,92.18
"2025-02-11 06:53:00",0,-1.73,88.3
"2025-02-11 07:53:00",0.6,-1.13,88.36
"2025-02-11 08:53:00",3.9,0.55,79.03
"2025-02-11 09:53:00",6.7,2.14,72.97
"2025-02-11 10:53:00",10.6,3.83,63.23
"2025-02-11 11:53:00",11.7,3.22,56.34
"2025-02-11 12:53:00",12.2,2.72,52.62
"2025-02-11 13:53:00",12.2,1.61,48.65
"2025-02-11 14:53:00",10.6,2.72,58.5
"2025-02-11 15:53:00",9.4,3.23,65.67
"2025-02-11 16:53:00",8.9,2.73,65.56
"2025-02-11 17:53:00",8.9,3.23,67.92
"2025-02-11 18:53:00",8.9,2.73,65.56
"2025-02-11 19:53:00",8.3,1.62,63.13
"2025-02-11 20:53:00",8.3,1.62,63.13
"2025-02-11 21:53:00",7.2,1.63,68.04
"2025-02-11 22:53:00",6.7,1.64,70.41
"2025-02-11 23:53:00",6.7,1.64,70.41
"2025-02-12 00:53:00",7.2,2.14,70.51
"2025-02-12 01:53:00",6.1,2.76,79.37
"2025-02-12 02:53:00",6.7,2.75,76.16
"2025-02-12 03:53:00",6.7,2.75,76.16
"2025-02-12 04:53:00",6.7,2.75,76.16
"2025-02-12 05:53:00",5.6,2.76,82.17
"2025-02-12 06:53:00",5,2.77,85.67
"2025-02-12 07:53:00",5.6,2.76,82.17
"2025-02-12 08:53:00",7.2,1.63,68.04
"2025-02-12 09:53:00",9.4,2.73,63.39
"2025-02-12 10:53:00",8.9,2.73,65.56
"2025-02-12 11:53:00",9.4,2.12,60.74
"2025-02-12 12:53:00",10,2.72,60.89
"2025-02-12 13:53:00",10,3.83,65.81
"2025-02-12 14:53:00",10.6,3.83,63.23
"2025-02-12 15:53:00",11.1,4.33,63.34
"2025-02-12 16:53:00",11.1,4.33,63.34
"2025-02-12 17:53:00",10,4.34,68.16
"2025-02-12 18:53:00",10,5.55,74.1
"2025-02-12 19:53:00",10,6.06,76.71
"2025-02-12 20:53:00",9.4,7.78,89.74
"2025-02-12 21:53:00",9.4,7.78,89.74
"2025-02-12 22:53:00",9.4,7.78,89.74
"2025-02-12 23:53:00",9.4,8.29,92.84
"2025-02-13 00:53:00",10.6,9.39,92.29
"2025-02-13 01:53:00",11.1,9.99,92.94
"2025-02-13 02:53:00",13.9,11.08,83.23
"2025-02-13 03:53:00",13.9,11.68,86.6
"2025-02-13 04:53:00",13.3,12.19,93.05
"2025-02-13 05:53:00",12.8,11.08,89.41
"2025-02-13 06:53:00",12.8,11.08,89.41
"2025-02-13 07:53:00",12.2,11.09,93
"2025-02-13 08:53:00",11.7,10.59,92.97
"2025-02-13 09:53:00",13.9,11.08,83.23
"2025-02-13 10:53:00",13.9,9.97,77.35
"2025-02-13 11:53:00",12.8,9.97,83.09
"2025-02-13 12:53:00",12.2,10.58,89.96
"2025-02-13 13:53:00",13.3,10.57,83.71
"2025-02-13 14:53:00",13.3,10.57,83.71
"2025-02-13 15:53:00",12.8,10.58,86.49
"2025-02-13 16:53:00",12.2,10.58,89.96
"2025-02-13 17:53:00",12.8,9.37,79.81
"2025-02-13 18:53:00",12.2,9.98,86.42
"2025-02-13 19:53:00",11.7,10.59,92.97
"2025-02-13 20:53:00",11.7,10.59,92.97
"2025-02-13 21:53:00",11.7,9.98,89.32
"2025-02-13 22:53:00",11.1,9.99,92.94
"2025-02-13 23:53:00",11.1,8.88,86.31
"2025-02-14 00:53:00",11.1,8.27,82.88
"2025-02-14 01:53:00",11.1,8.27,82.88
"2025-02-14 02:53:00",10.6,7.77,82.82
"2025-02-14 03:53:00",10.6,7.77,82.82
"2025-02-14 04:53:00",10,7.77,86.2
"2025-02-14 05:53:00",9.4,7.17,86.14
"2025-02-14 06:53:00",8.9,6.67,86.08
"2025-02-14 07:53:00",8.9,6.67,86.08
"2025-02-14 08:53:00",11.1,7.16,76.89
"2025-02-14 09:53:00",11.7,6.04,68.52
"2025-02-14 10:53:00",12.8,5.53,61.57
"2025-02-14 11:53:00",12.8,5.53,61.57
"2025-02-14 12:53:00",12.8,5.53,61.57
"2025-02-14 13:53:00",13.3,5.53,59.6
"2025-02-14 14:53:00",13.3,4.32,54.81
"2025-02-14 15:53:00",13.3,3.82,52.92
"2025-02-14 16:53:00",12.8,4.93,59.06
"2025-02-14 17:53:00",10.6,4.94,68.29
"2025-02-14 18:53:00",9.4,4.34,70.96
"2025-02-14 19:53:00",8.9,4.35,73.39
"2025-02-14 20:53:00",7.8,4.36,79.07
"2025-02-14 21:53:00",6.1,3.87,85.79
"2025-02-14 22:53:00",5,3.27,88.75
"2025-02-14 23:53:00",4.4,2.78,89.33
"2025-02-15 00:53:00",3.9,2.18,88.66
"2025-02-15 01:53:00",3.3,1.68,89.24
"2025-02-15 02:53:00",2.8,1.68,92.46
"2025-02-15 03:53:00",2.2,1.08,92.42
"2025-02-15 04:53:00",2.2,1.08,92.42
"2025-02-15 05:53:00",1.7,0.58,92.39
"2025-02-15 06:53:00",1.1,0.59,96.46
"2025-02-15 07:53:00",3.3,1.68,89.24
"2025-02-15 08:53:00",5,3.27,88.75
"2025-02-15 09:53:00",7.2,4.36,82.38
"2025-02-15 10:53:00",11.1,4.94,66.05
"2025-02-15 11:53:00",13.3,3.22,50.73
"2025-02-15 12:53:00",15,3.82,47.41
"2025-02-15 13:53:00",15.6,3.22,43.73
"2025-02-15 14:53:00",15.6,3.82,45.62
"2025-02-15 15:53:00",14.4,3.82,49.28
"2025-02-15 16:53:00",13.9,4.32,52.72
"2025-02-15 17:53:00",12.2,4.33,58.91
"2025-02-15 18:53:00",10.6,4.33,65.48
"2025-02-15 19:53:00",10,4.95,71.08
"2025-02-15 20:53:00",8.3,4.35,76.43
"2025-02-15 21:53:00",7.8,4.36,79.07
"2025-02-15 22:53:00",7.2,3.86,79.54
"2025-02-15 23:53:00",5.6,2.76,82.17
"2025-02-16 00:53:00",6.1,3.87,85.79
"2025-02-16 01:53:00",5.6,3.27,85.13
"2025-02-16 02:53:00",3.9,2.78,92.52
"2025-02-16 03:53:00",4.4,2.17,85.6
"2025-02-16 04:53:00",5,2.77,85.67
"2025-02-16 05:53:00",5,2.77,85.67
"2025-02-16 06:53:00",3.9,2.78,92.52
"2025-02-16 07:53:00",6.1,3.26,82.23
"2025-02-16 08:53:00",8.3,3.85,73.79
"2025-02-16 09:53:00",10.6,4.94,68.29
"2025-02-16 10:53:00",12.2,5.54,64.04
"2025-02-16 11:53:00",12.8,4.93,59.06
"2025-02-16 12:53:00",15,4.32,49.1
"2025-02-16 13:53:00",16.1,3.82,44.19
"2025-02-16 14:53:00",16.1,3.82,44.19
"2025-02-16 15:53:00",16.1,5.53,49.76
"2025-02-16 16:53:00",15,8.25,64.25
"2025-02-16 17:53:00",13.3,8.25,71.72
"2025-02-16 18:53:00",13.3,9.36,77.25
"2025-02-16 19:53:00",12.2,9.98,86.42
"2025-02-16 20:53:00",11.7,9.38,85.8
"2025-02-16 21:53:00",11.7,9.98,89.32
"2025-02-16 22:53:00",10.6,8.88,89.23
"2025-02-16 23:53:00",9.4,8.29,92.84
"2025-02-17 00:53:00",9.4,7.78,89.74
"2025-02-17 01:53:00",7.8,6.69,92.75
"2025-02-17 02:53:00",6.7,5.59,92.69
"2025-02-17 03:53:00",6.1,5.59,96.6
"2025-02-17 04:53:00",6.7,5.59,92.69
"2025-02-17 05:53:00",5.6,4.99,95.91
"2025-02-17 06:53:00",6.7,6.7,100
"2025-02-17 07:53:00",6.1,6.1,100
"2025-02-17 08:53:00",8.9,7.79,92.81
"2025-02-17 09:53:00",10.6,7.16,79.49
"2025-02-17 10:53:00",11.1,7.76,80.11
"2025-02-17 11:53:00",13.9,7.75,66.67
"2025-02-17 12:53:00",13.3,7.15,66.54
"2025-02-17 13:53:00",14.4,6.64,59.87
"2025-02-17 14:53:00",14.4,6.64,59.87
"2025-02-17 15:53:00",13.9,7.75,66.67
"2025-02-17 16:53:00",13.9,7.14,64
"2025-02-17 17:53:00",11.7,6.65,71.41
"2025-02-17 18:53:00",10.6,6.05,73.7
"2025-02-17 19:53:00",10.6,6.05,73.7
"2025-02-17 20:53:00",8.9,6.07,82.6
"2025-02-17 21:53:00",7.8,6.08,88.99
"2025-02-17 22:53:00",7.2,4.97,85.9
"2025-02-17 23:53:00",6.1,4.38,88.85
"2025-02-18 00:53:00",5,3.88,92.59
"2025-02-18 01:53:00",4.4,3.28,92.55
"2025-02-18 02:53:00",4.4,2.78,89.33
"2025-02-18 03:53:00",3.9,2.18,88.66
"2025-02-18 04:53:00",4.4,3.28,92.55
"2025-02-18 05:53:00",3.9,2.78,92.52
"2025-02-18 06:53:00",3.3,2.79,96.52
"2025-02-18 07:53:00",5,3.88,92.59
"2025-02-18 08:53:00",7.2,5.58,89.56
"2025-02-18 09:53:00",10,6.66,79.95
"2025-02-18 10:53:00",13.9,7.14,64
"2025-02-18 11:53:00",16.1,7.14,55.56
"2025-02-18 12:53:00",16.7,7.14,53.48
"2025-02-18 13:53:00",16.7,6.64,51.67
"2025-02-18 14:53:00",17.2,6.64,50.06
"2025-02-18 15:53:00",17.8,6.04,46.25
"2025-02-18 16:53:00",17.2,6.64,50.06
"2025-02-18 17:53:00",15,8.25,64.25
"2025-02-18 18:53:00",14.4,7.75,64.55
"2025-02-18 19:53:00",13.3,7.15,66.54
"2025-02-18 20:53:00",12.8,6.64,66.43
"2025-02-18 21:53:00",11.1,7.76,80.11
"2025-02-18 22:53:00",10,7.17,82.74
"2025-02-18 23:53:00",9.4,6.67,83.23
"2025-02-19 00:53:00",8.3,6.07,86.02
"2025-02-19 01:53:00",8.3,6.07,86.02
"2025-02-19 02:53:00",8.3,6.07,86.02
"2025-02-19 03:53:00",8.9,6.67,86.08
"2025-02-19 04:53:00",8.3,6.07,86.02
"2025-02-19 05:53:00",8.3,5.57,83.1
"2025-02-19 06:53:00",7.8,6.08,88.99
"2025-02-19 07:53:00",8.9,7.18,89.09
"2025-02-19 08:53:00",12.2,7.15,71.51
"2025-02-19 09:53:00",13.9,7.14,64
"2025-02-19 10:53:00",15,7.74,62.1
"2025-02-19 11:53:00",13.3,9.97,80.42
"2025-02-19 12:53:00",13.9,11.08,83.23
"2025-02-19 13:53:00",13.9,11.08,83.23
"2025-02-19 14:53:00",15,11.67,80.66
"2025-02-19 15:53:00",15.6,10.56,72.16
"2025-02-19 16:53:00",15.6,10.56,72.16
"2025-02-19 17:53:00",13.3,9.97,80.42
"2025-02-19 18:53:00",12.8,9.97,83.09
"2025-02-19 19:53:00",10.6,8.88,89.23
"2025-02-19 20:53:00",8.9,7.79,92.81
"2025-02-19 21:53:00",8.3,7.19,92.78
"2025-02-19 22:53:00",7.8,6.69,92.75
"2025-02-19 23:53:00",7.8,6.69,92.75
"2025-02-20 00:53:00",7.8,7.19,95.99
"2025-02-20 01:53:00",7.2,6.69,96.63
"2025-02-20 02:53:00",5.6,5.6,100
"2025-02-20 03:53:00",6.7,6.09,95.95
"2025-02-20 04:53:00",6.7,5.59,92.69
"2025-02-20 05:53:00",5.6,4.99,95.91
"2025-02-20 06:53:00",8.9,6.07,82.6
"2025-02-20 07:53:00",9.4,6.67,83.23
"2025-02-20 08:53:00",13.9,4.32,52.72
"2025-02-20 09:53:00",14.4,4.93,53.22
"2025-02-20 10:53:00",16.7,3.22,40.77
"2025-02-20 11:53:00",17.8,1.63,33.94
"2025-02-20 12:53:00",18.9,2.74,34.27
"2025-02-20 13:53:00",18.9,2.14,32.84
"2025-02-20 14:53:00",19.4,1.64,30.71
"2025-02-20 15:53:00",19.4,2.74,33.22
"2025-02-20 16:53:00",17.8,2.13,35.18
"2025-02-20 17:53:00",15.6,3.22,43.73
"2025-02-20 18:53:00",13.9,3.82,50.9
"2025-02-20 19:53:00",11.1,4.33,63.34
"2025-02-20 20:53:00",9.4,3.23,65.67
"2025-02-20 21:53:00",8.3,2.74,68.28
"2025-02-20 22:53:00",8.3,2.74,68.28
"2025-02-20 23:53:00",6.7,2.14,72.97
"2025-02-21 00:53:00",6.1,2.15,76.05
"2025-02-21 01:53:00",5.6,2.15,78.73
"2025-02-21 02:53:00",3.9,1.06,81.94
"2025-02-21 03:53:00",4.4,1.05,79.11
"2025-02-21 04:53:00",5.6,1.65,75.97
"2025-02-21 05:53:00",6.1,1.64,73.38
"2025-02-21 06:53:00",5,2.16,82.09
"2025-02-21 07:53:00",6.1,3.87,85.79
"2025-02-21 08:53:00",10,3.83,65.81
"2025-02-21 09:53:00",14.4,2.11,43.69
"2025-02-21 10:53:00",16.1,1.02,36.21
"2025-02-21 11:53:00",17.2,2.12,36.53
"2025-02-21 12:53:00",18.3,2.73,35.58
"2025-02-21 13:53:00",18.9,2.74,34.27
"2025-02-21 14:53:00",18.9,3.23,35.5
"2025-02-21 15:53:00",18.3,4.94,41.53
"2025-02-21 16:53:00",17.2,3.83,41.21
"2025-02-21 17:53:00",15.6,4.93,49.27
"2025-02-21 18:53:00",12.8,5.53,61.57
"2025-02-21 19:53:00",11.1,3.83,61.16
"2025-02-21 20:53:00",8.9,3.23,67.92
"2025-02-21 21:53:00",8.3,2.74,68.28
"2025-02-21 22:53:00",7.8,2.74,70.64
"2025-02-21 23:53:00",7.2,2.14,70.51
"2025-02-22 00:53:00",6.7,2.14,72.97
"2025-02-22 01:53:00",6.1,2.76,79.37
"2025-02-22 02:53:00",5.6,2.15,78.73
"2025-02-22 03:53:00",5,1.65,79.2
"2025-02-22 04:53:00",5,2.16,82.09
"2025-02-22 05:53:00",4.4,1.66,82.59
"2025-02-22 06:53:00",5,1.65,79.2
"2025-02-22 07:53:00",6.1,3.26,82.23
"2025-02-22 08:53:00",9.4,4.34,70.96
"2025-02-22 09:53:00",12.8,3.82,54.68
"2025-02-22 10:53:00",16.7,5.53,47.9
"2025-02-22 11:53:00",19.4,6.65,43.62
"2025-02-22 12:53:00",20.6,7.15,41.91
"2025-02-22 13:53:00",21.7,7.76,40.82
"2025-02-22 14:53:00",21.7,7.16,39.18
"2025-02-22 15:53:00",20,7.15,43.49
"2025-02-22 16:53:00",19.4,7.75,47.03
"2025-02-22 17:53:00",16.7,6.64,51.67
"2025-02-22 18:53:00",17.2,6.04,48.04
"2025-02-22 19:53:00",16.1,4.93,47.72
"2025-02-22 20:53:00",15.6,4.32,47.25
"2025-02-22 21:53:00",15,4.93,51.21
"2025-02-22 22:53:00",15,6.03,55.27
"2025-02-22 23:53:00",13.3,6.64,64.3
"2025-02-23 00:53:00",12.8,6.04,63.74
"2025-02-23 01:53:00",11.7,6.65,71.41
"2025-02-23 02:53:00",9.4,5.56,77.15
"2025-02-23 03:53:00",8.9,5.56,79.79
"2025-02-23 04:53:00",8.9,5.56,79.79
"2025-02-23 05:53:00",7.8,4.97,82.46
"2025-02-23 06:53:00",7.8,5.57,85.97
"2025-02-23 07:53:00",10.6,6.66,76.81
"2025-02-23 08:53:00",11.1,6.65,74.3
"2025-02-23 09:53:00",13.9,7.14,64
"2025-02-23 10:53:00",14.4,7.75,64.55
"2025-02-23 11:53:00",17.2,8.85,58.16
"2025-02-23 12:53:00",17.8,7.14,49.89
"2025-02-23 13:53:00",19.4,6.65,43.62
"2025-02-23 14:53:00",18.9,8.25,50.19
"2025-02-23 15:53:00",18.3,8.85,54.27
"2025-02-23 16:53:00",16.7,10.56,67.27
"2025-02-23 17:53:00",15.6,9.35,66.59
"2025-02-23 18:53:00",14.4,9.36,71.93
"2025-02-23 19:53:00",13.3,9.36,77.25
"2025-02-23 20:53:00",13.3,9.36,77.25
"2025-02-23 21:53:00",12.2,9.37,83.02
"2025-02-23 22:53:00",12.2,8.87,80.27
"2025-02-23 23:53:00",11.1,8.88,86.31
"2025-02-24 00:53:00",10,7.77,86.2
"2025-02-24 01:53:00",8.9,7.79,92.81
"2025-02-24 02:53:00",10,8.28,89.18
"2025-02-24 03:53:00",9.4,7.78,89.74
"2025-02-24 04:53:00",8.3,7.19,92.78
"2025-02-24 05:53:00",10,8.89,92.87
"2025-02-24 06:53:00",10.6,9.99,96.07
"2025-02-24 07:53:00",11.7,10.59,92.97
"2025-02-24 08:53:00",12.8,10.58,86.49
"2025-02-24 09:53:00",15,11.07,77.52
"2025-02-24 10:53:00",15.6,11.06,74.59
"2025-02-24 11:53:00",16.7,11.67,72.36
"2025-02-24 12:53:00",16.7,10.56,67.27
"2025-02-24 13:53:00",17.2,9.96,62.62
"2025-02-24 15:53:00",17.2,10.56,65.18
"2025-02-24 16:53:00",16.7,10.56,67.27
"2025-02-24 17:53:00",15.6,10.56,72.16
"2025-02-24 18:53:00",15,10.57,74.99
"2025-02-24 19:53:00",14.4,11.68,83.84
"2025-02-24 20:53:00",14.4,12.18,86.65
"2025-02-24 21:53:00",12.8,10.58,86.49
"2025-02-24 22:53:00",12.8,11.69,93.03
"2025-02-24 23:53:00",11.7,9.98,89.32
"2025-02-25 00:53:00",10.6,9.39,92.29
"2025-02-25 01:53:00",10,9.39,96.06
"2025-02-25 02:53:00",8.9,8.9,100
"2025-02-25 03:53:00",9.4,9.4,100
"2025-02-25 04:53:00",8.9,8.29,96.02
"2025-02-25 05:53:00",8.9,8.29,96.02
"2025-02-25 06:53:00",7.8,7.19,95.99
"2025-02-25 07:53:00",7.8,7.19,95.99
"2025-02-25 08:53:00",8.3,7.79,96.66
"2025-02-25 09:53:00",11.1,8.27,82.88
"2025-02-25 10:53:00",14.4,8.85,69.55
"2025-02-25 11:53:00",17.2,7.74,53.98
"2025-02-25 12:53:00",18.3,6.64,46.72
"2025-02-25 13:53:00",18.9,6.64,45
"2025-02-25 14:53:00",20,6.65,42.03
"2025-02-25 15:53:00",20.6,7.15,41.91
"2025-02-25 16:53:00",18.9,4.34,38.36
"2025-02-25 17:53:00",16.7,2.72,39.35
"2025-02-25 18:53:00",14.4,3.82,49.28
"2025-02-25 19:53:00",12.2,3.83,56.88
"2025-02-25 20:53:00",10,3.83,65.81
"2025-02-25 21:53:00",10,3.83,65.81
"2025-02-25 22:53:00",8.3,2.74,68.28
"2025-02-25 23:53:00",7.2,2.74,73.59
"2025-02-26 00:53:00",6.1,2.15,76.05
"2025-02-26 01:53:00",5.6,2.15,78.73
"2025-02-26 02:53:00",5.6,2.76,82.17
"2025-02-26 03:53:00",5,2.16,82.09
"2025-02-26 04:53:00",4.4,1.05,79.11
"2025-02-26 05:53:00",4.4,1.66,82.59
"2025-02-26 06:53:00",4.4,1.66,82.59
"2025-02-26 07:53:00",7.2,2.74,73.59
"2025-02-26 08:53:00",11.7,3.83,58.78
"2025-02-26 09:53:00",15.6,5.53,51.37
"2025-02-26 10:53:00",18.9,0.53,29.27
"2025-02-26 11:53:00",20,2.15,30.67
"2025-02-26 12:53:00",20.6,3.25,31.96
"2025-02-26 13:53:00",21.1,3.26,30.99
"2025-02-26 20:53:00",12.8,3.82,54.68
"2025-02-26 21:53:00",10.6,4.33,65.48
"2025-02-26 22:53:00",8.9,3.84,70.86
"2025-02-26 23:53:00",8.9,4.35,73.39
"2025-02-27 00:53:00",7.8,3.85,76.34
"2025-02-27 01:53:00",7.2,3.25,76.24
"2025-02-27 02:53:00",7.2,3.25,76.24
"2025-02-27 03:53:00",6.1,3.26,82.23
"2025-02-27 04:53:00",6.7,3.86,82.31
"2025-02-27 05:53:00",6.7,4.37,85.25
"2025-02-27 06:53:00",6.7,4.98,88.9
"2025-02-27 07:53:00",9.4,5.56,77.15
"2025-02-27 08:53:00",11.1,6.65,74.3
"2025-02-27 09:53:00",17.2,8.25,55.84
"2025-02-27 10:53:00",18.9,7.75,48.51
"2025-02-27 11:53:00",18.9,7.15,46.57
"2025-02-27 12:53:00",19.4,8.25,48.65
"2025-02-27 13:53:00",20,9.36,50.49
"2025-02-27 14:53:00",19.4,10.56,56.79
"2025-02-27 15:53:00",19.4,10.56,56.79
"2025-02-27 16:53:00",20.6,11.06,54.51
"2025-02-27 17:53:00",18.3,9.35,56.13
"2025-02-27 18:53:00",15,9.96,72.04
"2025-02-27 19:53:00",14.4,9.36,71.93
"2025-02-27 20:53:00",12.8,7.75,71.62
"2025-02-27 21:53:00",12.2,9.37,83.02
"2025-02-27 22:53:00",10,7.77,86.2
"2025-02-27 23:53:00",10,7.17,82.74
"2025-02-28 00:53:00",9.4,7.17,86.14
"2025-02-28 01:53:00",7.8,5.57,85.97
"2025-02-28 02:53:00",8.3,5.57,83.1
"2025-02-28 03:53:00",8.3,6.07,86.02
"2025-02-28 04:53:00",6.7,4.98,88.9
"2025-02-28 05:53:00",7.8,5.57,85.97
"2025-02-28 06:53:00",7.8,6.08,88.99
"2025-02-28 07:53:00",8.9,6.67,86.08
"2025-02-28 08:53:00",10.6,7.77,82.82
"2025-02-28 09:53:00",13.3,8.25,71.72
"2025-02-28 10:53:00",17.2,7.14,51.81
"2025-02-28 11:53:00",21.7,8.86,43.98
"2025-02-28 12:53:00",23.9,7.78,35.73
"2025-02-28 13:53:00",25,6.1,29.78
"2025-02-28 14:53:00",25.6,3.32,23.63
"2025-02-28 15:53:00",25,6.1,29.78
"2025-02-28 16:53:00",23.3,6.68,34.36
"2025-02-28 17:53:00",21.1,4.35,33.48
"2025-02-28 18:53:00",18.9,8.25,50.19
"2025-02-28 19:53:00",16.7,8.25,57.64
"2025-02-28 20:53:00",14.4,7.14,61.96
"2025-02-28 21:53:00",13.3,7.75,69.32
"2025-02-28 22:53:00",11.1,6.05,71.29
"2025-02-28 23:53:00",11.1,6.05,71.29
"2025-03-01 00:53:00",10,7.17,82.74
"2025-03-01 01:53:00",8.9,5.56,79.79
"2025-03-01 02:53:00",8.3,4.96,79.7
"2025-03-01 03:53:00",7.2,4.36,82.38
"2025-03-01 04:53:00",8.3,7.79,96.66
"2025-03-01 05:53:00",8.3,7.79,96.66
"2025-03-01 06:53:00",7.8,7.19,95.99
"2025-03-01 07:53:00",10,8.28,89.18
"2025-03-01 08:53:00",10.6,8.27,85.68
"2025-03-01 09:53:00",11.7,8.26,79.65
"2025-03-01 10:53:00",13.9,8.25,68.98
"2025-03-01 11:53:00",13.9,7.75,66.67
"2025-03-01 12:53:00",15.6,7.74,59.76
"2025-03-01 13:53:00",14.4,8.25,66.78
"2025-03-01 14:53:00",12.8,8.86,77.17
"2025-03-01 15:53:00",12.8,8.26,74.1
"2025-03-01 16:53:00",12.8,8.26,74.1
"2025-03-01 17:53:00",12.8,7.75,71.62
"2025-03-01 18:53:00",12.2,7.76,74.5
"2025-03-01 19:53:00",13.3,8.25,71.72
"2025-03-01 20:53:00",12.2,10.58,89.96
"2025-03-01 21:53:00",11.7,10.59,92.97
"2025-03-01 22:53:00",11.1,9.38,89.27
"2025-03-01 23:53:00",10,7.77,86.2
"2025-03-02 00:53:00",10,7.77,86.2
"2025-03-02 01:53:00",10,8.28,89.18
"2025-03-02 02:53:00",9.4,6.67,83.23
"2025-03-02 03:53:00",9.4,6.67,83.23
"2025-03-02 04:53:00",8.9,6.67,86.08
"2025-03-02 05:53:00",7.8,6.69,92.75
"2025-03-02 06:53:00",8.3,6.68,89.65
"2025-03-02 07:53:00",9.4,7.78,89.74
"2025-03-02 08:53:00",10,7.17,82.74
"2025-03-02 09:53:00",10.6,7.16,79.49
"2025-03-02 10:53:00",12.8,7.75,71.62
"2025-03-02 11:53:00",12.2,6.65,69.1
"2025-03-02 12:53:00",14.4,6.04,57.45
"2025-03-02 13:53:00",13.9,5.53,57.32
"2025-03-02 14:53:00",13.3,4.32,54.81
"2025-03-02 15:53:00",12.8,5.53,61.57
"2025-03-02 16:53:00",11.7,5.54,66.19
"2025-03-02 17:53:00",10.6,4.94,68.29
"2025-03-02 18:53:00",9.4,4.34,70.96
"2025-03-02 19:53:00",9.4,3.84,68.51
"2025-03-02 20:53:00",8.9,4.35,73.39
"2025-03-02 21:53:00",8.9,4.35,73.39
"2025-03-02 22:53:00",8.9,4.35,73.39
"2025-03-02 23:53:00",8.9,4.35,73.39
"2025-03-03 00:53:00",7.8,3.85,76.34
"2025-03-03 01:53:00",7.2,3.86,79.54
"2025-03-03 02:53:00",5.6,3.27,85.13
"2025-03-03 03:53:00",5.6,3.27,85.13
"2025-03-03 04:53:00",5.6,3.27,85.13
"2025-03-03 05:53:00",5,2.77,85.67
"2025-03-03 06:53:00",4.4,2.17,85.6
"2025-03-03 07:53:00",6.7,3.86,82.31
"2025-03-03 08:53:00",9.4,4.34,70.96
"2025-03-03 09:53:00",11.1,3.22,58.63
"2025-03-03 10:53:00",12.2,4.33,58.91
"2025-03-03 11:53:00",13.9,5.53,57.32
"2025-03-03 12:53:00",14.4,4.93,53.22
"2025-03-03 13:53:00",13.9,4.93,54.97
"2025-03-03 14:53:00",14.4,6.04,57.45
"2025-03-03 15:53:00",13.3,6.04,61.69
"2025-03-03 16:53:00",12.8,7.15,68.75
"2025-03-03 17:53:00",11.1,7.16,76.89
"2025-03-03 18:53:00",10.6,6.66,76.81
"2025-03-03 19:53:00",10.6,6.05,73.7
"2025-03-03 20:53:00",10,6.66,79.95
"2025-03-03 21:53:00",10,6.66,79.95
"2025-03-03 22:53:00",10,6.66,79.95
"2025-03-03 23:53:00",10,6.66,79.95
"2025-03-04 00:53:00",10,6.66,79.95
"2025-03-04 01:53:00",9.4,6.67,83.23
"2025-03-04 02:53:00",9.4,6.67,83.23
"2025-03-04 03:53:00",9.4,6.06,79.86
"2025-03-04 04:53:00",9.4,6.06,79.86
"2025-03-04 05:53:00",9.4,6.06,79.86
"2025-03-04 06:53:00",9.4,6.06,79.86
"2025-03-04 07:53:00",10,5.55,74.1
"2025-03-04 08:53:00",10.6,5.55,71.19
"2025-03-04 09:53:00",11.7,6.04,68.52
"2025-03-04 10:53:00",13.3,6.64,64.3
"2025-03-04 11:53:00",14.4,5.53,55.49
"2025-03-04 12:53:00",15.6,5.53,51.37
"2025-03-04 13:53:00",16.1,5.53,49.76
"2025-03-04 14:53:00",16.7,4.93,45.94
"2025-03-04 15:53:00",16.1,4.93,47.72
"2025-03-04 16:53:00",15.6,6.64,55.42
"2025-03-04 17:53:00",13.9,6.03,59.33
"2025-03-04 18:53:00",12.2,6.04,66.3
"2025-03-04 19:53:00",11.1,5.54,68.87
"2025-03-04 20:53:00",11.7,5.54,66.19
"2025-03-04 21:53:00",11.1,6.05,71.29
"2025-03-04 22:53:00",11.1,6.65,74.3
"2025-03-04 23:53:00",10,6.66,79.95
"2025-03-05 00:53:00",11.1,6.65,74.3
"2025-03-05 01:53:00",11.1,7.16,76.89
"2025-03-05 02:53:00",11.7,7.76,76.99
"2025-03-05 04:53:00",11.7,7.15,73.9
"2025-03-05 05:53:00",11.1,8.88,86.31
"2025-03-05 06:53:00",11.1,8.88,86.31
"2025-03-05 07:53:00",10.6,8.88,89.23
"2025-03-05 08:53:00",10.6,8.88,89.23
"2025-03-05 09:53:00",11.1,9.38,89.27
"2025-03-05 10:53:00",11.7,9.38,85.8
"2025-03-05 11:53:00",12.2,9.98,86.42
"2025-03-05 12:53:00",12.8,8.86,77.17
"2025-03-05 14:53:00",12.8,7.15,68.75
"2025-03-05 15:53:00",12.2,4.93,61.43
"2025-03-05 16:53:00",11.7,4.93,63.48
"2025-03-05 17:53:00",10,5.55,74.1
"2025-03-05 18:53:00",9.4,4.95,73.99
"2025-03-05 19:53:00",9.4,5.56,77.15
"2025-03-05 20:53:00",9.4,5.56,77.15
"2025-03-05 21:53:00",9.4,5.56,77.15
"2025-03-05 22:53:00",8.9,4.95,76.53
"2025-03-05 23:53:00",8.3,4.35,76.43
"2025-03-06 00:53:00",8.3,3.85,73.79
"2025-03-06 01:53:00",7.2,3.25,76.24
"2025-03-06 02:53:00",6.7,2.75,76.16
"2025-03-06 03:53:00",7.2,3.25,76.24
"2025-03-06 04:53:00",6.7,3.25,78.9
"2025-03-06 05:53:00",7.8,3.24,73.18
"2025-03-06 06:53:00",7.8,4.36,79.07
"2025-03-06 07:53:00",8.9,4.35,73.39
"2025-03-06 08:53:00",9.4,3.84,68.51
"2025-03-06 09:53:00",10,3.83,65.81
"2025-03-06 10:53:00",11.7,3.83,58.78
"2025-03-06 11:53:00",12.8,3.82,54.68
"2025-03-06 12:53:00",13.3,2.11,46.92
"2025-03-06 13:53:00",12.8,3.22,52.42
"2025-03-06 14:53:00",13.9,3.22,48.79
"2025-03-06 15:53:00",13.9,3.82,50.9
"2025-03-06 16:53:00",12.8,4.33,56.63
"2025-03-06 17:53:00",12.2,4.93,61.43
"2025-03-06 18:53:00",10.6,4.94,68.29
"2025-03-06 19:53:00",10,4.34,68.16
"2025-03-06 20:53:00",8.9,4.35,73.39
"2025-03-06 21:53:00",7.2,3.86,79.54
"2025-03-06 22:53:00",6.1,3.26,82.23
"2025-03-06 23:53:00",5,2.77,85.67
"2025-03-07 00:53:00",4.4,2.17,85.6
"2025-03-07 01:53:00",3.3,1.68,89.24
"2025-03-07 02:53:00",3.3,1.68,89.24
"2025-03-07 03:53:00",3.3,1.68,89.24
"2025-03-07 04:53:00",3.3,2.18,92.49
"2025-03-07 05:53:00",3.3,1.68,89.24
"2025-03-07 06:53:00",2.2,1.08,92.42
"2025-03-07 07:53:00",5.6,3.27,85.13
"2025-03-07 08:53:00",8.3,4.96,79.7
"2025-03-07 09:53:00",11.7,6.65,71.41
"2025-03-07 10:53:00",13.9,4.32,52.72
"2025-03-07 11:53:00",16.7,-2.28,27.39
"2025-03-07 12:53:00",17.2,-1.18,28.78
"2025-03-07 13:53:00",17.8,-2.28,25.55
"2025-03-07 14:53:00",17.8,-2.87,24.44
"2025-03-07 15:53:00",17.8,-2.87,24.44
"2025-03-07 16:53:00",17.2,-3.38,24.45
"2025-03-07 17:53:00",15.6,-2.29,29.38
"2025-03-07 18:53:00",12.8,2.11,48.48
"2025-03-07 19:53:00",10.6,3.83,63.23
"2025-03-07 20:53:00",10,3.83,65.81
"2025-03-07 21:53:00",7.2,3.25,76.24
"2025-03-07 22:53:00",5.6,2.15,78.73
"2025-03-07 23:53:00",5.6,2.15,78.73
"2025-03-08 00:53:00",5.6,2.15,78.73
"2025-03-08 01:53:00",4.4,1.05,79.11
"2025-03-08 02:53:00",2.8,0.57,85.42
"2025-03-08 03:53:00",3.3,0.56,82.45
"2025-03-08 04:53:00",2.8,0.57,85.42
"2025-03-08 05:53:00",2.8,-0.04,81.79
"2025-03-08 06:53:00",2.8,-0.04,81.79
"2025-03-08 07:53:00",5.6,1.65,75.97
"2025-03-08 08:53:00",8.9,1.62,60.61
"2025-03-08 09:53:00",11.7,2.72,54.38
"2025-03-08 10:53:00",16.1,3.22,42.36
"2025-03-08 11:53:00",17.8,3.23,38.04
"2025-03-08 12:53:00",18.9,2.14,32.84
"2025-03-08 13:53:00",19.4,-0.66,26.01
"2025-03-08 14:53:00",20,2.75,32.01
"2025-03-08 15:53:00",19.4,2.14,31.83
"2025-03-08 16:53:00",18.9,1.63,31.68
"2025-03-08 17:53:00",16.7,2.12,37.71
"2025-03-08 18:53:00",15,3.82,47.41
"2025-03-08 19:53:00",12.2,2.11,50.42
"2025-03-08 20:53:00",11.7,2.11,52.11
"2025-03-08 21:53:00",8.9,2.73,65.56
"2025-03-08 22:53:00",7.8,2.74,70.64
"2025-03-08 23:53:00",6.1,2.15,76.05
"2025-03-09 00:53:00",6.1,2.15,76.05
"2025-03-09 01:53:00",5.6,1.65,75.97
"2025-03-09 03:53:00",5,1.65,79.2
"2025-03-09 04:53:00",4.4,1.05,79.11
"2025-03-09 06:53:00",2.8,-0.04,81.79
"2025-03-09 07:53:00",3.3,-0.05,78.94
"2025-03-09 08:53:00",6.1,1.64,73.38
"2025-03-09 09:53:00",9.4,3.84,68.51
"2025-03-09 10:53:00",13.3,5.53,59.6
"2025-03-09 11:53:00",16.1,3.82,44.19
"2025-03-09 12:53:00",18.3,2.13,34.09
"2025-03-09 13:53:00",18.9,1.04,30.35
"2025-03-10 15:53:00",20,4.95,37.36
"2025-03-10 16:53:00",19.4,4.34,37.19
"2025-03-10 17:53:00",17.2,7.74,53.98
"2025-03-10 18:53:00",15,4.32,49.1
"2025-03-10 19:53:00",13.3,1.61,45.27
"2025-03-10 20:53:00",12.2,1.61,48.65
"2025-03-10 21:53:00",11.1,1.61,52.32
"2025-03-10 22:53:00",9.4,1.01,56.14
"2025-03-10 23:53:00",8.9,1.62,60.61
"2025-03-11 00:53:00",7.8,1.63,65.31
"2025-03-11 01:53:00",7.2,1.63,68.04
"2025-03-11 02:53:00",6.7,1.64,70.41
"2025-03-11 03:53:00",6.1,1.03,70.29
"2025-03-11 04:53:00",5,1.05,75.86
"2025-03-11 05:53:00",5,1.05,75.86
"2025-03-11 06:53:00",5,0.54,73.18
"2025-03-11 07:53:00",5,0.54,73.18
"2025-03-11 08:53:00",7.8,2.74,70.64
"2025-03-11 09:53:00",11.1,2.72,56.59
"2025-03-11 10:53:00",15,2.11,42.03
"2025-03-11 11:53:00",17.2,3.23,39.5
"2025-03-11 12:53:00",17.8,4.94,42.86
"2025-03-11 13:53:00",17.8,4.94,42.86
"2025-03-11 14:53:00",18.9,4.94,40
"2025-03-11 15:53:00",18.9,6.64,45
"2025-03-11 16:53:00",16.1,6.64,53.68
"2025-03-11 17:53:00",15,7.74,62.1
"2025-03-11 18:53:00",12.8,7.75,71.62
"2025-03-11 19:53:00",11.7,7.76,76.99
"2025-03-11 20:53:00",10,7.17,82.74
"2025-03-11 21:53:00",10,7.17,82.74
"2025-03-11 22:53:00",11.1,8.27,82.88
"2025-03-11 23:53:00",11.1,8.27,82.88
"2025-03-12 00:53:00",11.1,7.76,80.11
"2025-03-12 01:53:00",11.1,7.76,80.11
"2025-03-12 02:53:00",11.7,7.15,73.9
"2025-03-12 03:53:00",11.7,7.76,76.99
"2025-03-12 04:53:00",11.7,8.26,79.65
"2025-03-12 05:53:00",12.8,6.64,66.43
"2025-03-12 06:53:00",12.8,6.64,66.43
"2025-03-12 07:53:00",13.3,6.64,64.3
"2025-03-12 08:53:00",13.9,6.64,61.84
"2025-03-12 09:53:00",14.4,6.64,59.87
"2025-03-12 10:53:00",15,6.03,55.27
"2025-03-12 11:53:00",17.2,7.14,51.81
"2025-03-12 12:53:00",15.6,7.74,59.76
"2025-03-12 13:53:00",16.1,7.14,55.56
"2025-03-12 14:53:00",13.3,9.97,80.42
"2025-03-12 15:53:00",9.4,6.67,83.23
"2025-03-12 16:53:00",9.4,6.67,83.23
"2025-03-12 17:53:00",8.9,6.67,86.08
"2025-03-12 18:53:00",8.9,6.67,86.08
"2025-03-12 19:53:00",8.9,7.18,89.09
"2025-03-12 20:53:00",8.9,6.07,82.6
"2025-03-12 21:53:00",8.9,4.95,76.53
"2025-03-12 22:53:00",8.3,4.96,79.7
"2025-03-12 23:53:00",8.3,6.07,86.02
"2025-03-13 00:53:00",7.8,6.08,88.99
"2025-03-13 01:53:00",7.8,6.08,88.99
"2025-03-13 02:53:00",7.8,5.57,85.97
"2025-03-13 03:53:00",6.7,4.37,85.25
"2025-03-13 04:53:00",6.7,5.59,92.69
"2025-03-13 05:53:00",6.7,5.59,92.69
"2025-03-13 06:53:00",7.2,4.97,85.9
"2025-03-13 07:53:00",6.1,4.98,92.65
"2025-03-13 08:53:00",7.2,4.97,85.9
"2025-03-13 09:53:00",8.3,5.57,83.1
"2025-03-13 10:53:00",9.4,5.56,77.15
"2025-03-13 11:53:00",10.6,5.55,71.19
"2025-03-13 12:53:00",11.7,4.33,60.88
"2025-03-13 13:53:00",12.2,5.54,64.04
"2025-03-13 14:53:00",12.2,4.33,58.91
"2025-03-13 15:53:00",11.7,2.11,52.11
"2025-03-13 16:53:00",11.7,2.11,52.11
"2025-03-13 17:53:00",10.6,1.61,54.09
"2025-03-13 18:53:00",8.9,2.12,62.82
"2025-03-13 19:53:00",8.3,2.74,68.28
"2025-03-13 20:53:00",7.8,2.74,70.64
"2025-03-13 21:53:00",7.2,3.25,76.24
"2025-03-13 22:53:00",8.3,3.24,70.74
"2025-03-13 23:53:00",8.3,3.24,70.74
"2025-03-14 00:53:00",8.3,2.13,65.42
"2025-03-14 01:53:00",8.3,2.13,65.42
"2025-03-14 02:53:00",8.9,2.12,62.82
"2025-03-14 03:53:00",7.8,3.24,73.18
"2025-03-14 04:53:00",6.7,3.25,78.9
"2025-03-14 05:53:00",6.1,3.26,82.23
"2025-03-14 06:53:00",5.6,2.76,82.17
"2025-03-14 07:53:00",6.1,3.26,82.23
"2025-03-14 08:53:00",7.2,3.86,79.54
"2025-03-14 09:53:00",8.9,5.56,79.79
"2025-03-14 10:53:00",10.6,7.16,79.49
"2025-03-14 11:53:00",12.2,8.26,77.07
"2025-03-14 12:53:00",13.3,7.15,66.54
"2025-03-14 13:53:00",12.2,6.65,69.1
"2025-03-14 14:53:00",9.4,7.17,86.14
"2025-03-14 15:53:00",13.3,8.25,71.72
"2025-03-14 16:53:00",12.8,7.15,68.75
"2025-03-14 17:53:00",12.2,6.65,69.1
"2025-03-14 18:53:00",11.1,7.16,76.89
"2025-03-14 19:53:00",10,6.66,79.95
"2025-03-14 20:53:00",9.4,7.17,86.14
"2025-03-14 21:53:00",9.4,6.67,83.23
"2025-03-14 22:53:00",9.4,6.06,79.86
"2025-03-14 23:53:00",9.4,6.06,79.86
"2025-03-15 00:53:00",9.4,6.06,79.86
"2025-03-15 01:53:00",8.3,6.07,86.02
"2025-03-15 02:53:00",8.3,5.57,83.1
"2025-03-15 03:53:00",8.9,6.07,82.6
"2025-03-15 04:53:00",8.9,6.67,86.08
"2025-03-15 05:53:00",8.9,6.67,86.08
"2025-03-15 06:53:00",8.9,6.67,86.08
"2025-03-15 07:53:00",9.4,6.67,83.23
"2025-03-15 08:53:00",10,6.66,79.95
"2025-03-15 09:53:00",11.7,5.54,66.19
"2025-03-15 10:53:00",12.2,5.54,64.04
"2025-03-15 11:53:00",12.8,5.53,61.57
"2025-03-15 12:53:00",13.3,4.32,54.81
"2025-03-15 13:53:00",14.4,4.32,51.04
"2025-03-15 14:53:00",14.4,3.82,49.28
"2025-03-15 15:53:00",15,4.32,49.1
"2025-03-15 16:53:00",15,4.93,51.21
"2025-03-15 17:53:00",14.4,4.93,53.22
"2025-03-15 18:53:00",12.8,4.93,59.06
"2025-03-15 19:53:00",11.1,4.94,66.05
"2025-03-15 20:53:00",11.1,5.54,68.87
"2025-03-15 21:53:00",11.1,5.54,68.87
"2025-03-15 22:53:00",8.9,4.95,76.53
"2025-03-15 23:53:00",8.3,5.57,83.1
"2025-03-16 00:53:00",7.8,4.97,82.46
"2025-03-16 01:53:00",6.7,4.37,85.25
"2025-03-16 02:53:00",5.6,3.88,88.81
"2025-03-16 03:53:00",4.4,3.28,92.55
"2025-03-16 04:53:00",3.9,2.78,92.52
"2025-03-16 05:53:00",3.9,2.78,92.52
"2025-03-16 06:53:00",4.4,2.78,89.33
"2025-03-16 07:53:00",3.3,2.18,92.49
"2025-03-16 08:53:00",7.2,4.97,85.9
"2025-03-16 09:53:00",12.8,6.04,63.74
"2025-03-16 10:53:00",15.6,6.64,55.42
"2025-03-16 11:53:00",16.1,7.74,57.88
"2025-03-16 12:53:00",16.1,7.14,55.56
"2025-03-16 13:53:00",15.6,7.74,59.76
"2025-03-16 14:53:00",16.1,7.14,55.56
"2025-03-16 15:53:00",15.6,7.74,59.76
"2025-03-16 16:53:00",15.6,7.74,59.76
"2025-03-16 17:53:00",14.4,8.25,66.78
"2025-03-16 18:53:00",13.9,8.25,68.98
"2025-03-16 19:53:00",13.3,8.25,71.72
"2025-03-16 20:53:00",13.9,8.86,71.83
"2025-03-16 21:53:00",12.2,9.98,86.42
"2025-03-16 22:53:00",12.2,10.58,89.96
"2025-03-16 23:53:00",12.2,10.58,89.96
"2025-03-17 00:53:00",10,8.89,92.87
"2025-03-17 01:53:00",9.4,8.29,92.84
"2025-03-17 02:53:00",8.9,8.29,96.02
"2025-03-17 03:53:00",8.9,8.29,96.02
"2025-03-17 04:53:00",9.4,8.89,96.69
"2025-03-17 05:53:00",9.4,8.29,92.84
"2025-03-17 06:53:00",10,8.28,89.18
"2025-03-17 07:53:00",10,8.28,89.18
"2025-03-17 08:53:00",11.1,8.88,86.31
"2025-03-17 09:53:00",12.2,7.76,74.5
"2025-03-17 10:53:00",13.3,7.15,66.54
"2025-03-17 11:53:00",14.4,6.04,57.45
"2025-03-17 12:53:00",11.1,7.16,76.89
"2025-03-17 13:53:00",12.2,7.15,71.51
"2025-03-17 14:53:00",11.7,7.15,73.9
"2025-03-17 15:53:00",11.1,7.16,76.89
"2025-03-17 16:53:00",11.7,6.65,71.41
"2025-03-17 17:53:00",10,7.17,82.74
"2025-03-17 18:53:00",10,7.17,82.74
"2025-03-17 19:53:00",9.4,7.17,86.14
"2025-03-17 20:53:00",8.9,6.07,82.6
"2025-03-17 21:53:00",8.9,6.07,82.6
"2025-03-17 22:53:00",9.4,6.06,79.86
"2025-03-17 23:53:00",8.3,5.57,83.1
"2025-03-18 00:53:00",7.8,5.57,85.97
"2025-03-18 01:53:00",6.7,4.37,85.25
"2025-03-18 02:53:00",6.1,3.87,85.79
"2025-03-18 03:53:00",6.1,3.26,82.23
"2025-03-18 04:53:00",5.6,3.27,85.13
"2025-03-18 05:53:00",3.9,2.78,92.52
"2025-03-18 06:53:00",3.3,1.68,89.24
"2025-03-18 07:53:00",2.8,1.68,92.46
"2025-03-18 08:53:00",6.1,3.26,82.23
"2025-03-18 09:53:00",8.9,4.35,73.39
"2025-03-18 10:53:00",10.6,4.94,68.29
"2025-03-18 11:53:00",12.2,4.93,61.43
"2025-03-18 12:53:00",13.3,2.11,46.92
"2025-03-18 13:53:00",15,4.32,49.1
"2025-03-18 14:53:00",15.6,4.32,47.25
"2025-03-18 15:53:00",16.1,2.12,39.18
"2025-03-18 16:53:00",16.1,3.82,44.19
"2025-03-18 17:53:00",15.6,2.72,42.21
"2025-03-18 18:53:00",12.2,3.83,56.88
"2025-03-18 19:53:00",11.7,4.33,60.88
"2025-03-18 20:53:00",10,4.34,68.16
"2025-03-18 21:53:00",9.4,4.34,70.96
"2025-03-18 22:53:00",7.8,3.85,76.34
"2025-03-18 23:53:00",5.6,2.76,82.17
"2025-03-19 00:53:00",5.6,2.76,82.17
"2025-03-19 01:53:00",4.4,2.78,89.33
"2025-03-19 02:53:00",4.4,1.66,82.59
"2025-03-19 03:53:00",3.9,1.67,85.54
"2025-03-19 04:53:00",3.3,1.07,85.48
"2025-03-19 05:53:00",2.8,0.57,85.42
"2025-03-19 06:53:00",2.2,0.58,89.15
"2025-03-19 07:53:00",2.8,0.57,85.42
"2025-03-19 08:53:00",5.6,2.15,78.73
"2025-03-19 09:53:00",8.3,3.24,70.74
"2025-03-19 10:53:00",10.6,3.23,60.61
"2025-03-19 11:53:00",13.9,3.82,50.9
"2025-03-19 12:53:00",14.4,3.22,47.24
"2025-03-19 13:53:00",15,4.32,49.1
"2025-03-19 14:53:00",16.7,5.53,47.9
"2025-03-19 15:53:00",15.6,6.03,53.18
"2025-03-19 16:53:00",14.4,2.71,45.59